{
	"name": "DataTrigger",
	"properties": {
		"annotations": [],
		"runtimeState": "Started",
		"pipelines": [
			{
				"pipelineReference": {
					"referenceName": "SP_Test",
					"type": "PipelineReference"
				},
				"parameters": {
					"TriggerName": "DataTrigger",
					"ActionName": "Stage",
					"SourceType": "SQL"
				}
			},
			{
				"pipelineReference": {
					"referenceName": "Master Pipeline",
					"type": "PipelineReference"
				}
			}
		],
		"type": "ScheduleTrigger",
		"typeProperties": {
			"recurrence": {
				"frequency": "Minute",
				"interval": 15,
				"startTime": "2023-02-15T21:56:00Z",
				"endTime": "2023-02-15T21:59:41Z",
				"timeZone": "UTC"
			}
		}
	}
}