{
	"name": "00_Master Daily Run",
	"properties": {
		"activities": [
			{
				"name": "01_Master Get WaterMark Values from CRM",
				"type": "ExecutePipeline",
				"dependsOn": [],
				"userProperties": [],
				"typeProperties": {
					"pipeline": {
						"referenceName": "01_Master Get WaterMark Values from CRM",
						"type": "PipelineReference"
					},
					"waitOnCompletion": true
				}
			},
			{
				"name": "02_Master Pipeline",
				"type": "ExecutePipeline",
				"dependsOn": [
					{
						"activity": "01_Master Get WaterMark Values from CRM",
						"dependencyConditions": [
							"Succeeded"
						]
					}
				],
				"userProperties": [],
				"typeProperties": {
					"pipeline": {
						"referenceName": "02_Master Pipeline",
						"type": "PipelineReference"
					},
					"waitOnCompletion": true
				}
			},
			{
				"name": "04_Master Error Loads",
				"type": "ExecutePipeline",
				"dependsOn": [
					{
						"activity": "02_Master Pipeline",
						"dependencyConditions": [
							"Failed"
						]
					}
				],
				"userProperties": [],
				"typeProperties": {
					"pipeline": {
						"referenceName": "04_Master Error Loads",
						"type": "PipelineReference"
					},
					"waitOnCompletion": true
				}
			},
			{
				"name": "03_Master Back Fill",
				"type": "ExecutePipeline",
				"dependsOn": [
					{
						"activity": "04_Master Error Loads",
						"dependencyConditions": [
							"Succeeded"
						]
					}
				],
				"userProperties": [],
				"typeProperties": {
					"pipeline": {
						"referenceName": "03_Master Back Fill",
						"type": "PipelineReference"
					},
					"waitOnCompletion": true
				}
			}
		],
		"folder": {
			"name": "Master"
		},
		"annotations": []
	}
}