{
	"name": "01_Master Get WaterMark Values from CRM",
	"properties": {
		"description": "Get Audit and last Modifeed Dates from CRM System",
		"activities": [
			{
				"name": "Get Max Watermark Value",
				"type": "ExecutePipeline",
				"dependsOn": [],
				"userProperties": [],
				"typeProperties": {
					"pipeline": {
						"referenceName": "PL_Watermark_Data_Audit_SQL09_To_ASQL",
						"type": "PipelineReference"
					},
					"waitOnCompletion": true
				}
			},
			{
				"name": "PL_Run_Stored_Procedure",
				"description": "Set the IsActive indicator to 1 where watermark values are different. Run the [ETL].[proc_Update_isActiveValue] stored procedure using the Clare Watermark Trigger values. ",
				"type": "ExecutePipeline",
				"dependsOn": [
					{
						"activity": "Get Max Watermark Value",
						"dependencyConditions": [
							"Succeeded"
						]
					}
				],
				"userProperties": [],
				"typeProperties": {
					"pipeline": {
						"referenceName": "PL_Run_Stored_Procedure",
						"type": "PipelineReference"
					},
					"waitOnCompletion": true,
					"parameters": {
						"TriggerName": "Clare_WaterMarkValue",
						"ActionName": "Unique Audit"
					}
				}
			}
		],
		"parameters": {
			"TriggerName": {
				"type": "string",
				"defaultValue": "Clare_WaterMarkValue"
			}
		},
		"folder": {
			"name": "Master"
		},
		"annotations": []
	}
}