{
	"name": "02_Master Pipeline",
	"properties": {
		"activities": [
			{
				"name": "Extract Data from CRM",
				"type": "ExecutePipeline",
				"dependsOn": [],
				"userProperties": [],
				"typeProperties": {
					"pipeline": {
						"referenceName": "PL_Data_Move_SQL09_To_ASQL",
						"type": "PipelineReference"
					},
					"waitOnCompletion": true
				}
			},
			{
				"name": "ODSData_Preparation",
				"type": "ExecutePipeline",
				"dependsOn": [
					{
						"activity": "Update WaterMark value",
						"dependencyConditions": [
							"Succeeded"
						]
					}
				],
				"userProperties": [],
				"typeProperties": {
					"pipeline": {
						"referenceName": "ODS_Process",
						"type": "PipelineReference"
					},
					"waitOnCompletion": true
				}
			},
			{
				"name": "Update WaterMark value",
				"type": "ExecutePipeline",
				"dependsOn": [
					{
						"activity": "Extract Data from CRM",
						"dependencyConditions": [
							"Succeeded"
						]
					}
				],
				"userProperties": [],
				"typeProperties": {
					"pipeline": {
						"referenceName": "PL_Update_WaterMark",
						"type": "PipelineReference"
					},
					"waitOnCompletion": true
				}
			},
			{
				"name": "execute proc_idw_Record_Audit",
				"description": "Runs Stored procedure to validate ODS against SoftDelete table values.",
				"type": "ExecutePipeline",
				"dependsOn": [
					{
						"activity": "ODSData_Preparation",
						"dependencyConditions": [
							"Succeeded"
						]
					}
				],
				"userProperties": [],
				"typeProperties": {
					"pipeline": {
						"referenceName": "PL_Run_Stored_Procedure",
						"type": "PipelineReference"
					},
					"waitOnCompletion": true,
					"parameters": {
						"TriggerName": "Audit CRM Back Fill 01",
						"ActionName": "Stage",
						"Master_PipelineValue": "IDW Consolidation report"
					}
				}
			},
			{
				"name": "Mart Build",
				"type": "ExecutePipeline",
				"dependsOn": [
					{
						"activity": "execute proc_idw_Record_Audit",
						"dependencyConditions": [
							"Succeeded"
						]
					}
				],
				"userProperties": [],
				"typeProperties": {
					"pipeline": {
						"referenceName": "Mart Build",
						"type": "PipelineReference"
					},
					"waitOnCompletion": true
				}
			}
		],
		"parameters": {
			"TriggerName": {
				"type": "string",
				"defaultValue": "CRM Daily Load"
			}
		},
		"folder": {
			"name": "Master"
		},
		"annotations": [],
		"lastPublishTime": "2023-02-28T01:26:14Z"
	},
	"type": "Microsoft.Synapse/workspaces/pipelines"
}