{
	"name": "03_Master Back Fill",
	"properties": {
		"activities": [
			{
				"name": "Move Config to DAP",
				"description": "Move the config table to DAP Database",
				"type": "ExecutePipeline",
				"dependsOn": [],
				"userProperties": [],
				"typeProperties": {
					"pipeline": {
						"referenceName": "PL_Data_Move_ASQL_To_ASQL",
						"type": "PipelineReference"
					},
					"waitOnCompletion": true
				}
			},
			{
				"name": "execute proc_idw_Record_Audit",
				"type": "ExecutePipeline",
				"dependsOn": [
					{
						"activity": "Move Config to DAP",
						"dependencyConditions": [
							"Succeeded"
						]
					}
				],
				"userProperties": [],
				"typeProperties": {
					"pipeline": {
						"referenceName": "PL_Run_Stored_Procedure",
						"type": "PipelineReference"
					},
					"waitOnCompletion": true,
					"parameters": {
						"TriggerName": "Audit CRM Back Fill 01",
						"ActionName": "stage",
						"Master_PipelineValue": "IDW Consolidation"
					}
				}
			},
			{
				"name": "Move Back Fill to ETL",
				"type": "ExecutePipeline",
				"dependsOn": [
					{
						"activity": "execute proc_idw_Record_Audit",
						"dependencyConditions": [
							"Succeeded"
						]
					}
				],
				"userProperties": [],
				"typeProperties": {
					"pipeline": {
						"referenceName": "PL_Data_Move_ASQL_To_ASQL",
						"type": "PipelineReference"
					},
					"waitOnCompletion": true,
					"parameters": {
						"TriggerName": "Audit CRM Back Fill 02"
					}
				}
			},
			{
				"name": "Get CRM Back Fill Data",
				"type": "ExecutePipeline",
				"dependsOn": [
					{
						"activity": "Move Back Fill to ETL",
						"dependencyConditions": [
							"Succeeded"
						]
					}
				],
				"userProperties": [],
				"typeProperties": {
					"pipeline": {
						"referenceName": "PL_Data_Move_SQL09_To_ASQL",
						"type": "PipelineReference"
					},
					"waitOnCompletion": true,
					"parameters": {
						"TriggerName": "Audit CRM Back Fill Final"
					}
				}
			},
			{
				"name": "ODS_Process",
				"type": "ExecutePipeline",
				"dependsOn": [
					{
						"activity": "Get CRM Back Fill Data",
						"dependencyConditions": [
							"Succeeded"
						]
					}
				],
				"userProperties": [],
				"typeProperties": {
					"pipeline": {
						"referenceName": "ODS_Process",
						"type": "PipelineReference"
					},
					"waitOnCompletion": true,
					"parameters": {
						"ProcessName": "Audit CRM Back Fill Final",
						"TriggerName": "Audit CRM Back Fill Final"
					}
				}
			},
			{
				"name": "Mart Build",
				"type": "ExecutePipeline",
				"dependsOn": [
					{
						"activity": "ODS_Process",
						"dependencyConditions": [
							"Succeeded"
						]
					}
				],
				"userProperties": [],
				"typeProperties": {
					"pipeline": {
						"referenceName": "Mart Build",
						"type": "PipelineReference"
					},
					"waitOnCompletion": true
				}
			}
		],
		"folder": {
			"name": "Master"
		},
		"annotations": []
	}
}