{
	"name": "04_Master Error Loads",
	"properties": {
		"activities": [
			{
				"name": "PL_Data_Move_SQL09_To_ASQL",
				"type": "ExecutePipeline",
				"dependsOn": [],
				"userProperties": [],
				"typeProperties": {
					"pipeline": {
						"referenceName": "PL_Data_Move_SQL09_To_ASQL",
						"type": "PipelineReference"
					},
					"waitOnCompletion": true,
					"parameters": {
						"TriggerName": "CRM - Error Loads"
					}
				}
			},
			{
				"name": "PL_Update_WaterMark",
				"type": "ExecutePipeline",
				"dependsOn": [
					{
						"activity": "PL_Data_Move_SQL09_To_ASQL",
						"dependencyConditions": [
							"Succeeded"
						]
					}
				],
				"userProperties": [],
				"typeProperties": {
					"pipeline": {
						"referenceName": "PL_Update_WaterMark",
						"type": "PipelineReference"
					},
					"waitOnCompletion": true
				}
			},
			{
				"name": "ODS_Process_Normal Load",
				"type": "ExecutePipeline",
				"dependsOn": [
					{
						"activity": "PL_Update_WaterMark",
						"dependencyConditions": [
							"Succeeded"
						]
					}
				],
				"userProperties": [],
				"typeProperties": {
					"pipeline": {
						"referenceName": "ODS_Process",
						"type": "PipelineReference"
					},
					"waitOnCompletion": true
				}
			},
			{
				"name": "ODS_Process Back Fill",
				"type": "ExecutePipeline",
				"dependsOn": [
					{
						"activity": "ODS_Process_Normal Load",
						"dependencyConditions": [
							"Succeeded"
						]
					}
				],
				"userProperties": [],
				"typeProperties": {
					"pipeline": {
						"referenceName": "ODS_Process",
						"type": "PipelineReference"
					},
					"waitOnCompletion": true,
					"parameters": {
						"ProcessName": "CRM - Error Loads"
					}
				}
			},
			{
				"name": "PL_Run_Stored_Procedure",
				"type": "ExecutePipeline",
				"dependsOn": [
					{
						"activity": "ODS_Process Back Fill",
						"dependencyConditions": [
							"Succeeded"
						]
					}
				],
				"userProperties": [],
				"typeProperties": {
					"pipeline": {
						"referenceName": "PL_Run_Stored_Procedure",
						"type": "PipelineReference"
					},
					"waitOnCompletion": true,
					"parameters": {
						"TriggerName": "Audit CRM Back Fill 01"
					}
				}
			},
			{
				"name": "Mart Build",
				"type": "ExecutePipeline",
				"dependsOn": [
					{
						"activity": "PL_Run_Stored_Procedure",
						"dependencyConditions": [
							"Succeeded"
						]
					}
				],
				"userProperties": [],
				"typeProperties": {
					"pipeline": {
						"referenceName": "Mart Build",
						"type": "PipelineReference"
					},
					"waitOnCompletion": true
				}
			}
		],
		"folder": {
			"name": "Master"
		},
		"annotations": []
	}
}