{
	"name": "99_Manual Tables Import",
	"properties": {
		"activities": [
			{
				"name": "Stored procedure1",
				"type": "SqlServerStoredProcedure",
				"dependsOn": [],
				"policy": {
					"timeout": "0.12:00:00",
					"retry": 0,
					"retryIntervalInSeconds": 30,
					"secureOutput": false,
					"secureInput": false
				},
				"userProperties": [],
				"typeProperties": {
					"storedProcedureName": "ETL.get_individual_tableload",
					"storedProcedureParameters": {
						"processID": {
							"value": {
								"value": "@pipeline().parameters.ProcessID",
								"type": "Expression"
							},
							"type": "String"
						}
					}
				},
				"linkedServiceName": {
					"referenceName": "Azuresql_ETLDB",
					"type": "LinkedServiceReference"
				}
			},
			{
				"name": "PL_Data_Move_SQL09_To_ASQL",
				"type": "ExecutePipeline",
				"dependsOn": [
					{
						"activity": "Stored procedure1",
						"dependencyConditions": [
							"Succeeded"
						]
					}
				],
				"userProperties": [],
				"typeProperties": {
					"pipeline": {
						"referenceName": "PL_Data_Move_SQL09_To_ASQL",
						"type": "PipelineReference"
					},
					"waitOnCompletion": true,
					"parameters": {
						"TriggerName": "User Called Import"
					}
				}
			}
		],
		"parameters": {
			"ProcessID": {
				"type": "string"
			}
		},
		"folder": {
			"name": "Master"
		},
		"annotations": []
	}
}