{
	"name": "FMA-IDW-Facts",
	"properties": {
		"activities": [
			{
				"name": "ExecuteFactLicenceApplication",
				"type": "Lookup",
				"dependsOn": [],
				"policy": {
					"timeout": "0.12:00:00",
					"retry": 0,
					"retryIntervalInSeconds": 30,
					"secureOutput": false,
					"secureInput": false
				},
				"userProperties": [],
				"typeProperties": {
					"source": {
						"type": "AzureSqlSource",
						"sqlReaderStoredProcedureName": "[clare].[proc_Mart_Fact_Licence_Application]",
						"storedProcedureParameters": {
							"idw_batchid": {
								"type": "Int32",
								"value": {
									"value": "@pipeline().parameters.BatchId",
									"type": "Expression"
								}
							}
						},
						"queryTimeout": "02:00:00",
						"partitionOption": "None"
					},
					"dataset": {
						"referenceName": "ExecuteMartProcs",
						"type": "DatasetReference"
					}
				}
			},
			{
				"name": "ExecuteFactLicence",
				"type": "Lookup",
				"dependsOn": [],
				"policy": {
					"timeout": "0.12:00:00",
					"retry": 0,
					"retryIntervalInSeconds": 30,
					"secureOutput": false,
					"secureInput": false
				},
				"userProperties": [],
				"typeProperties": {
					"source": {
						"type": "AzureSqlSource",
						"sqlReaderStoredProcedureName": "[clare].[proc_Mart_Fact_Licence]",
						"storedProcedureParameters": {
							"idw_batchid": {
								"type": "Int32",
								"value": {
									"value": "@pipeline().parameters.BatchId",
									"type": "Expression"
								}
							}
						},
						"queryTimeout": "02:00:00",
						"partitionOption": "None"
					},
					"dataset": {
						"referenceName": "ExecuteMartProcs",
						"type": "DatasetReference"
					}
				}
			}
		],
		"parameters": {
			"BatchId": {
				"type": "string"
			}
		},
		"folder": {
			"name": "FMAIDWMart"
		},
		"annotations": [],
		"lastPublishTime": "2023-02-14T03:32:37Z"
	},
	"type": "Microsoft.Synapse/workspaces/pipelines"
}