{
	"name": "FMAMetadataDrivenCopyTask_iik_BottomLevel",
	"properties": {
		"description": "This pipeline will copy objects from one group. The objects belonging to this group will be copied parallelly.",
		"activities": [
			{
				"name": "ListObjectsFromOneGroup",
				"description": "List objects from one group and iterate each of them to downstream activities",
				"type": "ForEach",
				"dependsOn": [],
				"userProperties": [],
				"typeProperties": {
					"items": {
						"value": "@pipeline().parameters.ObjectsPerGroupToCopy",
						"type": "Expression"
					},
					"activities": [
						{
							"name": "RouteJobsBasedOnLoadingBehavior",
							"description": "Check the loading behavior for each object if it requires full load or incremental load. If it is Default or FullLoad case, do full load. If it is DeltaLoad case, do incremental load.",
							"type": "Switch",
							"dependsOn": [
								{
									"activity": "GetSourceConnectionValues",
									"dependencyConditions": [
										"Succeeded"
									]
								},
								{
									"activity": "GetDestinationConnectionValues",
									"dependencyConditions": [
										"Succeeded"
									]
								}
							],
							"userProperties": [],
							"typeProperties": {
								"on": {
									"value": "@json(item().DataLoadingBehaviorSettings).dataLoadingBehavior",
									"type": "Expression"
								},
								"cases": [
									{
										"value": "FullLoad",
										"activities": [
											{
												"name": "FullLoadOneObject",
												"description": "Take a full snapshot on this object and copy it to the destination",
												"type": "Copy",
												"dependsOn": [],
												"policy": {
													"timeout": "0.12:00:00",
													"retry": 0,
													"retryIntervalInSeconds": 30,
													"secureOutput": false,
													"secureInput": false
												},
												"userProperties": [
													{
														"name": "Source",
														"value": "@{json(item().SourceObjectSettings).schema}.@{json(item().SourceObjectSettings).table}"
													},
													{
														"name": "Destination",
														"value": "@{json(item().SinkObjectSettings).schema}.@{json(item().SinkObjectSettings).table}"
													}
												],
												"typeProperties": {
													"source": {
														"type": "SqlServerSource",
														"sqlReaderQuery": {
															"value": "@json(item().CopySourceSettings).sqlReaderQuery",
															"type": "Expression"
														},
														"partitionOption": {
															"value": "@json(item().CopySourceSettings).partitionOption",
															"type": "Expression"
														},
														"partitionSettings": {
															"partitionColumnName": {
																"value": "@json(item().CopySourceSettings).partitionColumnName",
																"type": "Expression"
															},
															"partitionUpperBound": {
																"value": "@json(item().CopySourceSettings).partitionUpperBound",
																"type": "Expression"
															},
															"partitionLowerBound": {
																"value": "@json(item().CopySourceSettings).partitionLowerBound",
																"type": "Expression"
															},
															"partitionNames": "@json(item().CopySourceSettings).partitionNames"
														}
													},
													"sink": {
														"type": "AzureSqlSink",
														"preCopyScript": {
															"value": "@json(item().CopySinkSettings).preCopyScript",
															"type": "Expression"
														},
														"tableOption": {
															"value": "@json(item().CopySinkSettings).tableOption",
															"type": "Expression"
														}
													},
													"enableStaging": true,
													"stagingSettings": {
														"linkedServiceName": {
															"referenceName": "AzureStorageAccount",
															"type": "LinkedServiceReference"
														},
														"path": "clarestaging"
													},
													"enableSkipIncompatibleRow": false,
													"translator": {
														"value": "@json(item().CopyActivitySettings).translator",
														"type": "Expression"
													}
												},
												"inputs": [
													{
														"referenceName": "FMAMetadataDrivenCopyTask_iik_SourceDS",
														"type": "DatasetReference",
														"parameters": {
															"cw_schema": {
																"value": "@json(item().SourceObjectSettings).schema",
																"type": "Expression"
															},
															"cw_table": {
																"value": "@json(item().SourceObjectSettings).table",
																"type": "Expression"
															},
															"cw_ls_ServerName": {
																"value": "@json(activity('GetSourceConnectionValues').output.value[0].ConnectionSettings).ServerName",
																"type": "Expression"
															},
															"cw_ls_DatabaseName": {
																"value": "@json(activity('GetSourceConnectionValues').output.value[0].ConnectionSettings).DatabaseName",
																"type": "Expression"
															}
														}
													}
												],
												"outputs": [
													{
														"referenceName": "FMAMetadataDrivenCopyTask_iik_DestinationDS",
														"type": "DatasetReference",
														"parameters": {
															"cw_schema": {
																"value": "@json(item().SinkObjectSettings).schema",
																"type": "Expression"
															},
															"cw_table": {
																"value": "@json(item().SinkObjectSettings).table",
																"type": "Expression"
															},
															"cw_ls_DomainName": {
																"value": "@json(activity('GetDestinationConnectionValues').output.value[0].ConnectionSettings).DomainName",
																"type": "Expression"
															},
															"cw_ls_DatabaseName": {
																"value": "@json(activity('GetDestinationConnectionValues').output.value[0].ConnectionSettings).DatabaseName",
																"type": "Expression"
															}
														}
													}
												]
											}
										]
									},
									{
										"value": "DeltaLoad",
										"activities": [
											{
												"name": "GetMaxWatermarkValue",
												"description": "Query the source object to get the max value from watermark column",
												"type": "Lookup",
												"dependsOn": [],
												"policy": {
													"timeout": "0.12:00:00",
													"retry": 0,
													"retryIntervalInSeconds": 30,
													"secureOutput": false,
													"secureInput": false
												},
												"userProperties": [],
												"typeProperties": {
													"source": {
														"type": "SqlServerSource",
														"sqlReaderQuery": {
															"value": "select max([@{json(item().DataLoadingBehaviorSettings).watermarkColumnName}]) as CurrentMaxWaterMarkColumnValue from [@{json(item().SourceObjectSettings).schema}].[@{json(item().SourceObjectSettings).table}]",
															"type": "Expression"
														},
														"partitionOption": "None"
													},
													"dataset": {
														"referenceName": "FMAMetadataDrivenCopyTask_iik_SourceDS",
														"type": "DatasetReference",
														"parameters": {
															"cw_schema": {
																"value": "@json(item().SourceObjectSettings).schema",
																"type": "Expression"
															},
															"cw_table": {
																"value": "@json(item().SourceObjectSettings).table",
																"type": "Expression"
															},
															"cw_ls_ServerName": {
																"value": "@json(activity('GetSourceConnectionValues').output.value[0].ConnectionSettings).ServerName",
																"type": "Expression"
															},
															"cw_ls_DatabaseName": {
																"value": "@json(activity('GetSourceConnectionValues').output.value[0].ConnectionSettings).DatabaseName",
																"type": "Expression"
															}
														}
													}
												}
											},
											{
												"name": "DeltaLoadOneObject",
												"description": "Copy the changed data only from last time via comparing the value in watermark column to identify changes.",
												"type": "Copy",
												"dependsOn": [
													{
														"activity": "GetMaxWatermarkValue",
														"dependencyConditions": [
															"Succeeded"
														]
													}
												],
												"policy": {
													"timeout": "0.12:00:00",
													"retry": 0,
													"retryIntervalInSeconds": 30,
													"secureOutput": false,
													"secureInput": false
												},
												"userProperties": [
													{
														"name": "Source",
														"value": "@{json(item().SourceObjectSettings).schema}.@{json(item().SourceObjectSettings).table}"
													},
													{
														"name": "Destination",
														"value": "@{json(item().SinkObjectSettings).schema}.@{json(item().SinkObjectSettings).table}"
													}
												],
												"typeProperties": {
													"source": {
														"type": "SqlServerSource",
														"sqlReaderQuery": {
															"value": "select * from [@{json(item().SourceObjectSettings).schema}].[@{json(item().SourceObjectSettings).table}] \n    where [@{json(item().DataLoadingBehaviorSettings).watermarkColumnName}] > @{if(contains(json(item().DataLoadingBehaviorSettings).watermarkColumnType, 'Int'),\n    json(item().DataLoadingBehaviorSettings).watermarkColumnStartValue, \n    concat('''', json(item().DataLoadingBehaviorSettings).watermarkColumnStartValue, ''''))}\n    and [@{json(item().DataLoadingBehaviorSettings).watermarkColumnName}] <= @{if(contains(json(item().DataLoadingBehaviorSettings).watermarkColumnType, 'Int'),\n    activity('GetMaxWatermarkValue').output.firstRow.CurrentMaxWaterMarkColumnValue, \n    concat('''', activity('GetMaxWatermarkValue').output.firstRow.CurrentMaxWaterMarkColumnValue, ''''))}",
															"type": "Expression"
														},
														"partitionOption": {
															"value": "@json(item().CopySourceSettings).partitionOption",
															"type": "Expression"
														},
														"partitionSettings": {
															"partitionColumnName": {
																"value": "@json(item().CopySourceSettings).partitionColumnName",
																"type": "Expression"
															},
															"partitionUpperBound": {
																"value": "@json(item().CopySourceSettings).partitionUpperBound",
																"type": "Expression"
															},
															"partitionLowerBound": {
																"value": "@json(item().CopySourceSettings).partitionLowerBound",
																"type": "Expression"
															},
															"partitionNames": "@json(item().CopySourceSettings).partitionNames"
														}
													},
													"sink": {
														"type": "AzureSqlSink",
														"preCopyScript": {
															"value": "@{json(item().CopySinkSettings).preCopyScript}",
															"type": "Expression"
														},
														"writeBehavior": "insert",
														"sqlWriterUseTableLock": false,
														"tableOption": {
															"value": "@{json(item().CopySinkSettings).tableOption}",
															"type": "Expression"
														},
														"disableMetricsCollection": false
													},
													"enableStaging": true,
													"stagingSettings": {
														"linkedServiceName": {
															"referenceName": "AzureStorageAccount",
															"type": "LinkedServiceReference"
														},
														"path": "clarestaging"
													},
													"enableSkipIncompatibleRow": false,
													"translator": {
														"value": "@json(item().CopyActivitySettings).translator",
														"type": "Expression"
													}
												},
												"inputs": [
													{
														"referenceName": "FMAMetadataDrivenCopyTask_iik_SourceDS",
														"type": "DatasetReference",
														"parameters": {
															"cw_schema": {
																"value": "@json(item().SourceObjectSettings).schema",
																"type": "Expression"
															},
															"cw_table": {
																"value": "@json(item().SourceObjectSettings).table",
																"type": "Expression"
															},
															"cw_ls_ServerName": {
																"value": "@json(activity('GetSourceConnectionValues').output.value[0].ConnectionSettings).ServerName",
																"type": "Expression"
															},
															"cw_ls_DatabaseName": {
																"value": "@json(activity('GetSourceConnectionValues').output.value[0].ConnectionSettings).DatabaseName",
																"type": "Expression"
															}
														}
													}
												],
												"outputs": [
													{
														"referenceName": "FMAMetadataDrivenCopyTask_iik_DestinationDS",
														"type": "DatasetReference",
														"parameters": {
															"cw_schema": {
																"value": "@json(item().SinkObjectSettings).schema",
																"type": "Expression"
															},
															"cw_table": {
																"value": "@json(item().SinkObjectSettings).table",
																"type": "Expression"
															},
															"cw_ls_DomainName": {
																"value": "@json(activity('GetDestinationConnectionValues').output.value[0].ConnectionSettings).DomainName",
																"type": "Expression"
															},
															"cw_ls_DatabaseName": {
																"value": "@json(activity('GetDestinationConnectionValues').output.value[0].ConnectionSettings).DatabaseName",
																"type": "Expression"
															}
														}
													}
												]
											},
											{
												"name": "UpdateWatermarkColumnValue",
												"type": "SqlServerStoredProcedure",
												"dependsOn": [
													{
														"activity": "DeltaLoadOneObject",
														"dependencyConditions": [
															"Succeeded"
														]
													}
												],
												"policy": {
													"timeout": "0.12:00:00",
													"retry": 0,
													"retryIntervalInSeconds": 30,
													"secureOutput": false,
													"secureInput": false
												},
												"userProperties": [],
												"typeProperties": {
													"storedProcedureName": "[ETL].[UpdateWatermarkColumnValue_iik]",
													"storedProcedureParameters": {
														"Id": {
															"value": {
																"value": "@item().Id",
																"type": "Expression"
															},
															"type": "Int32"
														},
														"watermarkColumnStartValue": {
															"value": {
																"value": "@activity('GetMaxWatermarkValue').output.firstRow.CurrentMaxWaterMarkColumnValue",
																"type": "Expression"
															},
															"type": "String"
														}
													}
												},
												"linkedServiceName": {
													"referenceName": "Azuresql_ETLDB",
													"type": "LinkedServiceReference"
												}
											}
										]
									}
								],
								"defaultActivities": [
									{
										"name": "DefaultFullLoadOneObject",
										"description": "Take a full snapshot on this object and copy it to the destination",
										"type": "Copy",
										"dependsOn": [],
										"policy": {
											"timeout": "0.12:00:00",
											"retry": 0,
											"retryIntervalInSeconds": 30,
											"secureOutput": false,
											"secureInput": false
										},
										"userProperties": [
											{
												"name": "Source",
												"value": "@{json(item().SourceObjectSettings).schema}.@{json(item().SourceObjectSettings).table}"
											},
											{
												"name": "Destination",
												"value": "@{json(item().SinkObjectSettings).schema}.@{json(item().SinkObjectSettings).table}"
											}
										],
										"typeProperties": {
											"source": {
												"type": "SqlServerSource",
												"sqlReaderQuery": {
													"value": "@json(item().CopySourceSettings).sqlReaderQuery",
													"type": "Expression"
												},
												"partitionOption": {
													"value": "@json(item().CopySourceSettings).partitionOption",
													"type": "Expression"
												},
												"partitionSettings": {
													"partitionColumnName": {
														"value": "@json(item().CopySourceSettings).partitionColumnName",
														"type": "Expression"
													},
													"partitionUpperBound": {
														"value": "@json(item().CopySourceSettings).partitionUpperBound",
														"type": "Expression"
													},
													"partitionLowerBound": {
														"value": "@json(item().CopySourceSettings).partitionLowerBound",
														"type": "Expression"
													},
													"partitionNames": "@json(item().CopySourceSettings).partitionNames"
												}
											},
											"sink": {
												"type": "AzureSqlSink",
												"preCopyScript": {
													"value": "@json(item().CopySinkSettings).preCopyScript",
													"type": "Expression"
												},
												"tableOption": {
													"value": "@json(item().CopySinkSettings).tableOption",
													"type": "Expression"
												}
											},
											"enableStaging": true,
											"stagingSettings": {
												"linkedServiceName": {
													"referenceName": "AzureStorageAccount",
													"type": "LinkedServiceReference"
												},
												"path": "clarestaging"
											},
											"enableSkipIncompatibleRow": false,
											"translator": {
												"value": "@json(item().CopyActivitySettings).translator",
												"type": "Expression"
											}
										},
										"inputs": [
											{
												"referenceName": "FMAMetadataDrivenCopyTask_iik_SourceDS",
												"type": "DatasetReference",
												"parameters": {
													"cw_schema": {
														"value": "@json(item().SourceObjectSettings).schema",
														"type": "Expression"
													},
													"cw_table": {
														"value": "@json(item().SourceObjectSettings).table",
														"type": "Expression"
													},
													"cw_ls_ServerName": {
														"value": "@json(activity('GetSourceConnectionValues').output.value[0].ConnectionSettings).ServerName",
														"type": "Expression"
													},
													"cw_ls_DatabaseName": {
														"value": "@json(activity('GetSourceConnectionValues').output.value[0].ConnectionSettings).DatabaseName",
														"type": "Expression"
													}
												}
											}
										],
										"outputs": [
											{
												"referenceName": "FMAMetadataDrivenCopyTask_iik_DestinationDS",
												"type": "DatasetReference",
												"parameters": {
													"cw_schema": {
														"value": "@json(item().SinkObjectSettings).schema",
														"type": "Expression"
													},
													"cw_table": {
														"value": "@json(item().SinkObjectSettings).table",
														"type": "Expression"
													},
													"cw_ls_DomainName": {
														"value": "@json(activity('GetDestinationConnectionValues').output.value[0].ConnectionSettings).DomainName",
														"type": "Expression"
													},
													"cw_ls_DatabaseName": {
														"value": "@json(activity('GetDestinationConnectionValues').output.value[0].ConnectionSettings).DatabaseName",
														"type": "Expression"
													}
												}
											}
										]
									}
								]
							}
						},
						{
							"name": "GetSourceConnectionValues",
							"type": "Lookup",
							"dependsOn": [],
							"policy": {
								"timeout": "0.12:00:00",
								"retry": 0,
								"retryIntervalInSeconds": 30,
								"secureOutput": false,
								"secureInput": false
							},
							"userProperties": [],
							"typeProperties": {
								"source": {
									"type": "AzureSqlSource",
									"sqlReaderQuery": {
										"value": "select ConnectionSettings from @{pipeline().parameters.ConnectionControlTableName}\n                                where Name = '@{item().SourceConnectionSettingsName}'",
										"type": "Expression"
									},
									"partitionOption": "None"
								},
								"dataset": {
									"referenceName": "FMAMetadataDrivenCopyTask_iik_ControlDS",
									"type": "DatasetReference"
								},
								"firstRowOnly": false
							}
						},
						{
							"name": "GetDestinationConnectionValues",
							"type": "Lookup",
							"dependsOn": [],
							"policy": {
								"timeout": "0.12:00:00",
								"retry": 0,
								"retryIntervalInSeconds": 30,
								"secureOutput": false,
								"secureInput": false
							},
							"userProperties": [],
							"typeProperties": {
								"source": {
									"type": "AzureSqlSource",
									"sqlReaderQuery": {
										"value": "select ConnectionSettings from @{pipeline().parameters.ConnectionControlTableName}\n                                where Name = '@{item().SinkConnectionSettingsName}'",
										"type": "Expression"
									},
									"partitionOption": "None"
								},
								"dataset": {
									"referenceName": "FMAMetadataDrivenCopyTask_iik_ControlDS",
									"type": "DatasetReference"
								},
								"firstRowOnly": false
							}
						}
					]
				}
			}
		],
		"parameters": {
			"ObjectsPerGroupToCopy": {
				"type": "Array"
			},
			"ConnectionControlTableName": {
				"type": "String"
			}
		},
		"folder": {
			"name": "FMAIDWMart/FMAMetadataDrivenCopyTask_iik_20221108"
		},
		"annotations": [],
		"lastPublishTime": "2023-02-14T03:34:28Z"
	},
	"type": "Microsoft.Synapse/workspaces/pipelines"
}