{
	"name": "Mart Build",
	"properties": {
		"description": "Process Build Mart and Fact",
		"activities": [
			{
				"name": "Run Dimension Build",
				"description": "Process runs the dimension builds",
				"type": "ExecutePipeline",
				"dependsOn": [],
				"userProperties": [],
				"typeProperties": {
					"pipeline": {
						"referenceName": "PL_Run_Stored_Procedure",
						"type": "PipelineReference"
					},
					"waitOnCompletion": true,
					"parameters": {
						"TriggerName": "CRM Daily Load",
						"ActionName": "Dimension",
						"SourceType": "procedure",
						"Master_PipelineValue": "Dimension Load"
					}
				}
			},
			{
				"name": "Run Fact Table load",
				"description": "Process runs the Fact Tables",
				"type": "ExecutePipeline",
				"dependsOn": [
					{
						"activity": "Run Dimension Build",
						"dependencyConditions": [
							"Succeeded"
						]
					}
				],
				"userProperties": [],
				"typeProperties": {
					"pipeline": {
						"referenceName": "PL_Run_Stored_Procedure",
						"type": "PipelineReference"
					},
					"waitOnCompletion": true,
					"parameters": {
						"TriggerName": "CRM Daily Load",
						"ActionName": "Fact",
						"SourceType": "procedure",
						"Master_PipelineValue": "Fact Table Loads"
					}
				}
			}
		],
		"folder": {
			"name": "IngestStage"
		},
		"annotations": []
	}
}