{
	"name": "ODS_Process",
	"properties": {
		"activities": [
			{
				"name": "DataTriggerProc",
				"type": "Lookup",
				"dependsOn": [
					{
						"activity": "Get_BatchID",
						"dependencyConditions": [
							"Succeeded"
						]
					}
				],
				"policy": {
					"timeout": "0.12:00:00",
					"retry": 0,
					"retryIntervalInSeconds": 30,
					"secureOutput": false,
					"secureInput": false
				},
				"userProperties": [],
				"typeProperties": {
					"source": {
						"type": "AzureSqlSource",
						"sqlReaderStoredProcedureName": "[ETL].[ADF_ListStoredProcedures]",
						"storedProcedureParameters": {
							"ActionName": {
								"type": "String",
								"value": "Stage"
							},
							"TriggerName": {
								"type": "String",
								"value": {
									"value": "@pipeline().parameters.TriggerName",
									"type": "Expression"
								}
							}
						},
						"queryTimeout": "02:00:00",
						"partitionOption": "None"
					},
					"dataset": {
						"referenceName": "DS_ASQL_ETLDB",
						"type": "DatasetReference",
						"parameters": {
							"SchemaName": "etl",
							"TableName": "Configuration"
						}
					},
					"firstRowOnly": false
				}
			},
			{
				"name": "Iterate_ODS_Objects",
				"type": "ForEach",
				"dependsOn": [
					{
						"activity": "DataTriggerProc",
						"dependencyConditions": [
							"Succeeded"
						]
					}
				],
				"userProperties": [],
				"typeProperties": {
					"items": {
						"value": "@activity('DataTriggerProc').output.value\n\n",
						"type": "Expression"
					},
					"batchCount": 5,
					"activities": [
						{
							"name": "ODS_Procedure",
							"type": "SqlServerStoredProcedure",
							"dependsOn": [
								{
									"activity": "SPLoggingStart",
									"dependencyConditions": [
										"Succeeded"
									]
								}
							],
							"policy": {
								"timeout": "0.12:00:00",
								"retry": 0,
								"retryIntervalInSeconds": 30,
								"secureOutput": false,
								"secureInput": false
							},
							"userProperties": [],
							"typeProperties": {
								"storedProcedureName": {
									"value": "@item().ExecutedStoredProcedure",
									"type": "Expression"
								},
								"storedProcedureParameters": {
									"idw_batchid": {
										"value": {
											"value": "@int(variables('BatchID'))",
											"type": "Expression"
										},
										"type": "Int32"
									}
								}
							},
							"linkedServiceName": {
								"referenceName": "AzureSql_DAPDB",
								"type": "LinkedServiceReference",
								"parameters": {
									"DatabaseName": {
										"value": "@item().DatabaseName",
										"type": "Expression"
									}
								}
							}
						},
						{
							"name": "SPLoggingStart",
							"type": "Lookup",
							"dependsOn": [],
							"policy": {
								"timeout": "0.12:00:00",
								"retry": 0,
								"retryIntervalInSeconds": 30,
								"secureOutput": false,
								"secureInput": false
							},
							"userProperties": [],
							"typeProperties": {
								"source": {
									"type": "AzureSqlSource",
									"sqlReaderStoredProcedureName": "[ETL].[Sp_InsertLogData]",
									"storedProcedureParameters": {
										"componentName": {
											"type": "String",
											"value": {
												"value": "ODS Process",
												"type": "Expression"
											}
										},
										"LogStart": {
											"type": "DateTime",
											"value": {
												"value": "@utcNow()",
												"type": "Expression"
											}
										},
										"pipeLineName": {
											"type": "String",
											"value": {
												"value": "@pipeline().Pipeline",
												"type": "Expression"
											}
										},
										"processID": {
											"type": "Int32",
											"value": {
												"value": "@item().ProcessID",
												"type": "Expression"
											}
										}
									},
									"queryTimeout": "02:00:00",
									"partitionOption": "None"
								},
								"dataset": {
									"referenceName": "DS_ASQL_ETLDB",
									"type": "DatasetReference",
									"parameters": {
										"SchemaName": "etl",
										"TableName": "Configuration"
									}
								},
								"firstRowOnly": false
							}
						},
						{
							"name": "SPSuccessfulLog",
							"type": "SqlServerStoredProcedure",
							"dependsOn": [
								{
									"activity": "ODS_Procedure",
									"dependencyConditions": [
										"Succeeded"
									]
								}
							],
							"policy": {
								"timeout": "0.12:00:00",
								"retry": 0,
								"retryIntervalInSeconds": 30,
								"secureOutput": false,
								"secureInput": false
							},
							"userProperties": [],
							"typeProperties": {
								"storedProcedureName": "[ETL].[Sp_UpdateLogData]",
								"storedProcedureParameters": {
									"DataBehavior": {
										"value": {
											"value": "ODS Process",
											"type": "Expression"
										},
										"type": "String"
									},
									"ErrorMessage": {
										"value": null,
										"type": "String"
									},
									"EtlLogid": {
										"value": {
											"value": "@activity('SPLoggingStart').output.value[0].EtlLogid\n",
											"type": "Expression"
										},
										"type": "Int32"
									},
									"LogEndTime": {
										"value": {
											"value": "@utcNow()",
											"type": "Expression"
										},
										"type": "DateTime"
									},
									"RowsAffected": {
										"value": null,
										"type": "Int32"
									}
								}
							},
							"linkedServiceName": {
								"referenceName": "Azuresql_ETLDB",
								"type": "LinkedServiceReference"
							}
						},
						{
							"name": "SPErrorLog",
							"type": "SqlServerStoredProcedure",
							"dependsOn": [
								{
									"activity": "ODS_Procedure",
									"dependencyConditions": [
										"Failed"
									]
								}
							],
							"policy": {
								"timeout": "0.12:00:00",
								"retry": 0,
								"retryIntervalInSeconds": 30,
								"secureOutput": false,
								"secureInput": false
							},
							"userProperties": [],
							"typeProperties": {
								"storedProcedureName": "[ETL].[Sp_UpdateLogData]",
								"storedProcedureParameters": {
									"DataBehavior": {
										"value": {
											"value": "ODS Process",
											"type": "Expression"
										},
										"type": "String"
									},
									"ErrorMessage": {
										"value": {
											"value": "@activity('ODS_Procedure').output.errors[0].Message\n\n\n",
											"type": "Expression"
										},
										"type": "String"
									},
									"EtlLogid": {
										"value": {
											"value": "@activity('SPLoggingStart').output.value[0].EtlLogid\n\n",
											"type": "Expression"
										},
										"type": "Int32"
									},
									"LogEndTime": {
										"value": {
											"value": "@utcNow()",
											"type": "Expression"
										},
										"type": "DateTime"
									},
									"RowsAffected": {
										"value": null,
										"type": "Int32"
									}
								}
							},
							"linkedServiceName": {
								"referenceName": "Azuresql_ETLDB",
								"type": "LinkedServiceReference"
							}
						}
					]
				}
			},
			{
				"name": "Get_BatchID",
				"type": "SetVariable",
				"dependsOn": [
					{
						"activity": "StartBatch",
						"dependencyConditions": [
							"Succeeded"
						]
					}
				],
				"userProperties": [],
				"typeProperties": {
					"variableName": "BatchID",
					"value": {
						"value": "@{int(activity('StartBatch').output.firstRow.BatchID)}\n\n\n\n",
						"type": "Expression"
					}
				}
			},
			{
				"name": "StartBatch",
				"type": "Lookup",
				"dependsOn": [],
				"policy": {
					"timeout": "0.12:00:00",
					"retry": 0,
					"retryIntervalInSeconds": 30,
					"secureOutput": false,
					"secureInput": false
				},
				"userProperties": [],
				"typeProperties": {
					"source": {
						"type": "AzureSqlSource",
						"sqlReaderStoredProcedureName": "[ETL].[CreateBatch]",
						"storedProcedureParameters": {
							"BatchID": {
								"type": "Int32",
								"value": null
							},
							"ProcessName": {
								"type": "String",
								"value": {
									"value": "@pipeline().parameters.ProcessName",
									"type": "Expression"
								}
							}
						},
						"queryTimeout": "02:00:00",
						"partitionOption": "None"
					},
					"dataset": {
						"referenceName": "DS_ASQL_ETLDB",
						"type": "DatasetReference",
						"parameters": {
							"SchemaName": "etl",
							"TableName": "Configuration"
						}
					}
				}
			},
			{
				"name": "CloseBatch",
				"type": "SqlServerStoredProcedure",
				"dependsOn": [
					{
						"activity": "Iterate_ODS_Objects",
						"dependencyConditions": [
							"Succeeded"
						]
					}
				],
				"policy": {
					"timeout": "0.12:00:00",
					"retry": 0,
					"retryIntervalInSeconds": 30,
					"secureOutput": false,
					"secureInput": false
				},
				"userProperties": [],
				"typeProperties": {
					"storedProcedureName": "[ETL].[CloseBatch]",
					"storedProcedureParameters": {
						"BatchID": {
							"value": {
								"value": "@int(variables('BatchID'))",
								"type": "Expression"
							},
							"type": "Int32"
						}
					}
				},
				"linkedServiceName": {
					"referenceName": "Azuresql_ETLDB",
					"type": "LinkedServiceReference"
				}
			}
		],
		"parameters": {
			"ProcessName": {
				"type": "string",
				"defaultValue": "CRM Daily Load"
			},
			"Batch": {
				"type": "int",
				"defaultValue": 0
			},
			"TriggerName": {
				"type": "string",
				"defaultValue": "CRM Daily Load"
			},
			"ActionName": {
				"type": "string",
				"defaultValue": "Stage"
			},
			"SourceType": {
				"type": "string",
				"defaultValue": "SQL"
			},
			"DeltaLoad": {
				"type": "string",
				"defaultValue": "Delta"
			}
		},
		"variables": {
			"BatchID": {
				"type": "String"
			},
			"TargetTableName": {
				"type": "String"
			}
		},
		"folder": {
			"name": "IngestStage"
		},
		"annotations": [],
		"lastPublishTime": "2023-02-28T01:25:52Z"
	},
	"type": "Microsoft.Synapse/workspaces/pipelines"
}