{
	"name": "PL_DATA_HTTP_To_ASQL_RBNZ",
	"properties": {
		"description": "Down files from RBNZ and Load them to database",
		"activities": [
			{
				"name": "Get a list of items from configration table",
				"type": "Lookup",
				"dependsOn": [],
				"policy": {
					"timeout": "0.12:00:00",
					"retry": 0,
					"retryIntervalInSeconds": 30,
					"secureOutput": false,
					"secureInput": false
				},
				"userProperties": [],
				"typeProperties": {
					"source": {
						"type": "AzureSqlSource",
						"sqlReaderQuery": {
							"value": "SELECT DISTINCT SourceWebsiteAddress, SourceFileDirectory, SourceFileName\nFROM ETL.Configuration_Files\nWHERE TriggerName = '@{pipeline().parameters.TriggerName}'\nAND IsActive='1'",
							"type": "Expression"
						},
						"queryTimeout": "02:00:00",
						"partitionOption": "None"
					},
					"dataset": {
						"referenceName": "DS_ASQL_ETLDB",
						"type": "DatasetReference",
						"parameters": {
							"SchemaName": "ETL",
							"TableName": "Configuration_Files"
						}
					},
					"firstRowOnly": false
				}
			},
			{
				"name": "Download files",
				"type": "ForEach",
				"dependsOn": [
					{
						"activity": "Get a list of items from configration table",
						"dependencyConditions": [
							"Succeeded"
						]
					}
				],
				"userProperties": [],
				"typeProperties": {
					"items": {
						"value": "@activity('Get a list of items from configration table').output.value",
						"type": "Expression"
					},
					"isSequential": true,
					"activities": [
						{
							"name": "PL_DATA_Http_To_ADLS_RBNZ",
							"type": "ExecutePipeline",
							"dependsOn": [],
							"userProperties": [],
							"typeProperties": {
								"pipeline": {
									"referenceName": "PL_DATA_HTTP_To_ADLS",
									"type": "PipelineReference"
								},
								"waitOnCompletion": true,
								"parameters": {
									"URL": {
										"value": "https://aedevfn-download-proxy.azurewebsites.net/api/DownloadProxy?retry=1&url=@{encodeUriComponent(item().SourceWebsiteAddress)}",
										"type": "Expression"
									},
									"DestinationFolderPath": {
										"value": "@item().SourceFileDirectory",
										"type": "Expression"
									},
									"DestinationFileName": {
										"value": "@item().SourceFileName",
										"type": "Expression"
									}
								}
							}
						}
					]
				}
			},
			{
				"name": "Ingest files to database",
				"type": "ExecutePipeline",
				"dependsOn": [
					{
						"activity": "Download files",
						"dependencyConditions": [
							"Succeeded"
						]
					}
				],
				"userProperties": [],
				"typeProperties": {
					"pipeline": {
						"referenceName": "PL_DATA_ADLS_To_ASQL_Files_Ingestion",
						"type": "PipelineReference"
					},
					"waitOnCompletion": true,
					"parameters": {
						"TriggerName": {
							"value": "@pipeline().parameters.TriggerName",
							"type": "Expression"
						},
						"NotebookConfiguration": {
							"value": "@pipeline().parameters.NotebookConfiguration",
							"type": "Expression"
						}
					}
				}
			}
		],
		"parameters": {
			"TriggerName": {
				"type": "string",
				"defaultValue": "TRG_Load_RBNZ_Data_Daily"
			},
			"NotebookConfiguration": {
				"type": "string",
				"defaultValue": {
					"server": "aedevdapsql01",
					"database": "aedevdapsqldb01",
					"user": "fmaadmin",
					"password_secret_name": "aedevdapsql01-SQLAuth-Password",
					"key_vault_linked_service": "AzureKeyVault",
					"key_vault": "aedevdap01-kv-02",
					"storage_account": "aedevdaphzftcul8",
					"container": "kiwisaver",
					"folder": "downloads"
				}
			}
		},
		"folder": {
			"name": "FilesIngestion"
		},
		"annotations": []
	}
}