{
	"name": "PL_DATA_ASQL_To_ADLS_CSV",
	"properties": {
		"description": "Export data from a database table to a csv file in ADLS",
		"activities": [
			{
				"name": "Copy data from database to ADLS",
				"type": "Copy",
				"dependsOn": [],
				"policy": {
					"timeout": "0.12:00:00",
					"retry": 0,
					"retryIntervalInSeconds": 30,
					"secureOutput": false,
					"secureInput": false
				},
				"userProperties": [],
				"typeProperties": {
					"source": {
						"type": "AzureSqlSource",
						"queryTimeout": "02:00:00",
						"partitionOption": "None"
					},
					"sink": {
						"type": "DelimitedTextSink",
						"storeSettings": {
							"type": "AzureBlobFSWriteSettings"
						},
						"formatSettings": {
							"type": "DelimitedTextWriteSettings",
							"quoteAllText": true,
							"fileExtension": ".txt"
						}
					},
					"enableStaging": false,
					"translator": {
						"type": "TabularTranslator",
						"typeConversion": true,
						"typeConversionSettings": {
							"allowDataTruncation": true,
							"treatBooleanAsNumber": false
						}
					}
				},
				"inputs": [
					{
						"referenceName": "DS_ASQL_ETLDB",
						"type": "DatasetReference",
						"parameters": {
							"SchemaName": {
								"value": "@pipeline().parameters.SourceSchemaName",
								"type": "Expression"
							},
							"TableName": {
								"value": "@pipeline().parameters.SourceTableName",
								"type": "Expression"
							}
						}
					}
				],
				"outputs": [
					{
						"referenceName": "DS_ADLS_IDW_CSV",
						"type": "DatasetReference",
						"parameters": {
							"FolderPath": {
								"value": "@pipeline().parameters.TargetFolderName",
								"type": "Expression"
							},
							"FileName": {
								"value": "@pipeline().parameters.TargetFileName",
								"type": "Expression"
							},
							"FirstRowAsHeader": true
						}
					}
				]
			}
		],
		"parameters": {
			"SourceSchemaName": {
				"type": "string",
				"defaultValue": "ETL"
			},
			"SourceTableName": {
				"type": "string",
				"defaultValue": "Configuration_Files"
			},
			"TargetFolderName": {
				"type": "string",
				"defaultValue": "rbnz/exports"
			},
			"TargetFileName": {
				"type": "string",
				"defaultValue": "ETL_Configuration_Files.csv"
			}
		},
		"annotations": []
	}
}