{
	"name": "PL_DATA_ADLS_To_ASQL_CSV_Configuration",
	"properties": {
		"description": "Load configuration files",
		"activities": [
			{
				"name": "Copy data from blob storage to a database",
				"type": "Copy",
				"dependsOn": [],
				"policy": {
					"timeout": "0.12:00:00",
					"retry": 0,
					"retryIntervalInSeconds": 30,
					"secureOutput": false,
					"secureInput": false
				},
				"userProperties": [],
				"typeProperties": {
					"source": {
						"type": "DelimitedTextSource",
						"storeSettings": {
							"type": "AzureBlobFSReadSettings",
							"recursive": true,
							"enablePartitionDiscovery": false
						},
						"formatSettings": {
							"type": "DelimitedTextReadSettings"
						}
					},
					"sink": {
						"type": "AzureSqlSink",
						"preCopyScript": {
							"value": "@{if(\n    pipeline().parameters.DropTable,\n    concat(\n        'DROP TABLE IF EXISTS ', \n        pipeline().parameters.DestinationSchemaName, \n        '.', \n        pipeline().parameters.DestinationTableName\n    ),\n    concat(\n        'TRUNCATE TABLE ', \n        pipeline().parameters.DestinationSchemaName, \n        '.', \n        pipeline().parameters.DestinationTableName\n    )\n)}",
							"type": "Expression"
						},
						"writeBehavior": "insert",
						"sqlWriterUseTableLock": false,
						"tableOption": "autoCreate",
						"disableMetricsCollection": false
					},
					"enableStaging": false,
					"translator": {
						"type": "TabularTranslator",
						"typeConversion": true,
						"typeConversionSettings": {
							"allowDataTruncation": true,
							"treatBooleanAsNumber": false
						}
					}
				},
				"inputs": [
					{
						"referenceName": "DS_ADLS_IDW_CSV",
						"type": "DatasetReference",
						"parameters": {
							"FolderPath": {
								"value": "@pipeline().parameters.SourceFolder",
								"type": "Expression"
							},
							"FileName": {
								"value": "@pipeline().parameters.SourceFileName",
								"type": "Expression"
							},
							"FirstRowAsHeader": true
						}
					}
				],
				"outputs": [
					{
						"referenceName": "DS_ASQL_DAPDB",
						"type": "DatasetReference",
						"parameters": {
							"SchemaName": {
								"value": "@pipeline().parameters.DestinationSchemaName",
								"type": "Expression"
							},
							"TableName": {
								"value": "@pipeline().parameters.DestinationTableName",
								"type": "Expression"
							},
							"DatabaseName": {
								"value": "@pipeline().parameters.DestinationDatabaseName",
								"type": "Expression"
							}
						}
					}
				]
			},
			{
				"name": "Archive the source file",
				"type": "Copy",
				"dependsOn": [
					{
						"activity": "Copy data from blob storage to a database",
						"dependencyConditions": [
							"Succeeded"
						]
					}
				],
				"policy": {
					"timeout": "0.12:00:00",
					"retry": 0,
					"retryIntervalInSeconds": 30,
					"secureOutput": false,
					"secureInput": false
				},
				"userProperties": [],
				"typeProperties": {
					"source": {
						"type": "BinarySource",
						"storeSettings": {
							"type": "AzureBlobFSReadSettings",
							"recursive": true,
							"deleteFilesAfterCompletion": true
						},
						"formatSettings": {
							"type": "BinaryReadSettings"
						}
					},
					"sink": {
						"type": "BinarySink",
						"storeSettings": {
							"type": "AzureBlobFSWriteSettings"
						}
					},
					"enableStaging": false
				},
				"inputs": [
					{
						"referenceName": "DS_ADLS_IDW_Binary",
						"type": "DatasetReference",
						"parameters": {
							"FolderPath": {
								"value": "@pipeline().parameters.SourceFolder",
								"type": "Expression"
							},
							"FileName": {
								"value": "@pipeline().parameters.SourceFileName",
								"type": "Expression"
							}
						}
					}
				],
				"outputs": [
					{
						"referenceName": "DS_ADLS_IDW_Binary",
						"type": "DatasetReference",
						"parameters": {
							"FolderPath": {
								"value": "@{pipeline().parameters.ArchiveFolder}/@{formatDateTime(addHours(utcNow(), 12), 'yyyy/MM/dd/hh/mm/ss')}",
								"type": "Expression"
							},
							"FileName": {
								"value": "@pipeline().parameters.SourceFileName",
								"type": "Expression"
							}
						}
					}
				]
			}
		],
		"parameters": {
			"SourceFolder": {
				"type": "string",
				"defaultValue": "configurations/ETL_Configuration_Files"
			},
			"SourceFileName": {
				"type": "string",
				"defaultValue": "ETL_Configuration_Files.csv"
			},
			"DestinationSchemaName": {
				"type": "string",
				"defaultValue": "ETL"
			},
			"DestinationTableName": {
				"type": "string",
				"defaultValue": "Configuration_Files"
			},
			"ArchiveFolder": {
				"type": "string",
				"defaultValue": "configurations/archive/ETL_Configuration_Files"
			},
			"DropTable": {
				"type": "bool",
				"defaultValue": false
			},
			"DestinationDatabaseName": {
				"type": "string",
				"defaultValue": "aedevdapsqldb01_etl"
			}
		},
		"annotations": []
	}
}