{
	"name": "PL_DataMove_Static",
	"properties": {
		"activities": [
			{
				"name": "Get Required objects from Configuration",
				"type": "Lookup",
				"dependsOn": [],
				"policy": {
					"timeout": "0.12:00:00",
					"retry": 0,
					"retryIntervalInSeconds": 30,
					"secureOutput": false,
					"secureInput": false
				},
				"userProperties": [],
				"typeProperties": {
					"source": {
						"type": "AzureSqlSource",
						"sqlReaderQuery": "select *\nfrom etl.configuration\nwhere actionname = 'Stage'\nand isActive = 1",
						"queryTimeout": "02:00:00",
						"partitionOption": "None"
					},
					"dataset": {
						"referenceName": "DS_ASQL_ETLDB",
						"type": "DatasetReference",
						"parameters": {
							"SchemaName": "etl",
							"TableName": "Configuration"
						}
					},
					"firstRowOnly": false
				}
			},
			{
				"name": "Iterate tables to ingest into Azure from 09Server",
				"type": "ForEach",
				"dependsOn": [
					{
						"activity": "Get Required objects from Configuration",
						"dependencyConditions": [
							"Succeeded"
						]
					}
				],
				"userProperties": [],
				"typeProperties": {
					"items": {
						"value": "@activity('Get Required objects from Configuration').output.value",
						"type": "Expression"
					},
					"activities": [
						{
							"name": "IsDataLoadType_Delta",
							"type": "IfCondition",
							"dependsOn": [],
							"userProperties": [],
							"typeProperties": {
								"expression": {
									"value": "@equals(item().DataLoadType,'DELTA')",
									"type": "Expression"
								},
								"ifFalseActivities": [
									{
										"name": "Full Data copy",
										"type": "Copy",
										"dependsOn": [],
										"policy": {
											"timeout": "0.12:00:00",
											"retry": 0,
											"retryIntervalInSeconds": 30,
											"secureOutput": false,
											"secureInput": false
										},
										"userProperties": [],
										"typeProperties": {
											"source": {
												"type": "SqlServerSource",
												"sqlReaderQuery": {
													"value": "\nEXEC ('@{item().ExecutedQuery}')",
													"type": "Expression"
												},
												"queryTimeout": "02:00:00",
												"partitionOption": "None"
											},
											"sink": {
												"type": "AzureSqlSink",
												"writeBehavior": "insert",
												"sqlWriterUseTableLock": false
											},
											"enableStaging": true,
											"stagingSettings": {
												"linkedServiceName": {
													"referenceName": "AzureStorageAccount",
													"type": "LinkedServiceReference"
												},
												"path": "clarestaging"
											},
											"translator": {
												"type": "TabularTranslator",
												"typeConversion": true,
												"typeConversionSettings": {
													"allowDataTruncation": true,
													"treatBooleanAsNumber": false
												}
											}
										},
										"inputs": [
											{
												"referenceName": "DS_SQL_FMA_MSCRM",
												"type": "DatasetReference",
												"parameters": {
													"sr_dbserver": {
														"value": "@item().SourceServerName",
														"type": "Expression"
													},
													"sr_dbname": {
														"value": "@item().SourceDatabaseName",
														"type": "Expression"
													},
													"sr_schema": {
														"value": "@item().SourceSchemaName",
														"type": "Expression"
													},
													"sr_table": {
														"value": "@item().SourceTableName",
														"type": "Expression"
													}
												}
											}
										],
										"outputs": [
											{
												"referenceName": "DS_ASQL_DAPDB",
												"type": "DatasetReference",
												"parameters": {
													"SchemaName": {
														"value": "@item().TargetSchemaName",
														"type": "Expression"
													},
													"TableName": {
														"value": "@item().TargetTableName",
														"type": "Expression"
													},
													"DatabaseName": {
														"value": "@item().TargetDatabaseName",
														"type": "Expression"
													}
												}
											}
										]
									}
								],
								"ifTrueActivities": [
									{
										"name": "Delta Copy",
										"type": "Copy",
										"dependsOn": [],
										"policy": {
											"timeout": "0.12:00:00",
											"retry": 0,
											"retryIntervalInSeconds": 30,
											"secureOutput": false,
											"secureInput": false
										},
										"userProperties": [],
										"typeProperties": {
											"source": {
												"type": "SqlServerSource",
												"sqlReaderQuery": {
													"value": "DECLARE @query nvarchar(max)\nset @query = ('@{item().ExecutedQuery}') + ''''+('@{item().WatermarkValue}')+''''\nEXEC (@query)\n ",
													"type": "Expression"
												},
												"queryTimeout": "02:00:00",
												"partitionOption": "None"
											},
											"sink": {
												"type": "AzureSqlSink",
												"writeBehavior": "insert",
												"sqlWriterUseTableLock": false
											},
											"enableStaging": true,
											"stagingSettings": {
												"linkedServiceName": {
													"referenceName": "AzureStorageAccount",
													"type": "LinkedServiceReference"
												},
												"path": "clarestaging"
											},
											"translator": {
												"type": "TabularTranslator",
												"typeConversion": true,
												"typeConversionSettings": {
													"allowDataTruncation": true,
													"treatBooleanAsNumber": false
												}
											}
										},
										"inputs": [
											{
												"referenceName": "DS_SQL_FMA_MSCRM",
												"type": "DatasetReference",
												"parameters": {
													"sr_dbserver": {
														"value": "@item().SourceServerName",
														"type": "Expression"
													},
													"sr_dbname": {
														"value": "@item().SourceDatabaseName",
														"type": "Expression"
													},
													"sr_schema": {
														"value": "@item().SourceSchemaName",
														"type": "Expression"
													},
													"sr_table": {
														"value": "@item().SourceTableName",
														"type": "Expression"
													}
												}
											}
										],
										"outputs": [
											{
												"referenceName": "DS_ASQL_DAPDB",
												"type": "DatasetReference",
												"parameters": {
													"SchemaName": {
														"value": "@item().TargetSchemaName",
														"type": "Expression"
													},
													"TableName": {
														"value": "@item().TargetTableName",
														"type": "Expression"
													},
													"DatabaseName": {
														"value": "@item().TargetDatabaseName",
														"type": "Expression"
													}
												}
											}
										]
									}
								]
							}
						}
					]
				}
			},
			{
				"name": "Get Watermark value from Delta tables",
				"type": "Lookup",
				"dependsOn": [
					{
						"activity": "Iterate tables to ingest into Azure from 09Server",
						"dependencyConditions": [
							"Succeeded"
						]
					}
				],
				"policy": {
					"timeout": "0.12:00:00",
					"retry": 0,
					"retryIntervalInSeconds": 30,
					"secureOutput": false,
					"secureInput": false
				},
				"userProperties": [],
				"typeProperties": {
					"source": {
						"type": "AzureSqlSource",
						"sqlReaderQuery": "select *\nfrom etl.configuration\nwhere actionname = 'Stage'\nand isActive = 1 \nand dataloadType = 'DELTA'",
						"queryTimeout": "02:00:00",
						"partitionOption": "None"
					},
					"dataset": {
						"referenceName": "DS_ASQL_ETLDB",
						"type": "DatasetReference",
						"parameters": {
							"SchemaName": "etl",
							"TableName": "Configuration"
						}
					},
					"firstRowOnly": false
				}
			},
			{
				"name": "Iterate Delta tables",
				"type": "ForEach",
				"dependsOn": [
					{
						"activity": "Get Watermark value from Delta tables",
						"dependencyConditions": [
							"Succeeded"
						]
					}
				],
				"userProperties": [],
				"typeProperties": {
					"items": {
						"value": "@activity('Get Watermark value from Delta tables').output.value\n",
						"type": "Expression"
					},
					"activities": [
						{
							"name": "Update Value",
							"type": "SqlServerStoredProcedure",
							"dependsOn": [
								{
									"activity": "Delta_WatermarkValue",
									"dependencyConditions": [
										"Succeeded"
									]
								}
							],
							"policy": {
								"timeout": "0.12:00:00",
								"retry": 0,
								"retryIntervalInSeconds": 30,
								"secureOutput": false,
								"secureInput": false
							},
							"userProperties": [],
							"typeProperties": {
								"storedProcedureName": "[ETL].[sp_UpdateConfiguration]",
								"storedProcedureParameters": {
									"processID": {
										"value": {
											"value": "@item().ProcessID",
											"type": "Expression"
										},
										"type": "Int32"
									},
									"watermarkvalue": {
										"value": {
											"value": "@activity('Delta_WatermarkValue').output.value[0].watermarkValue",
											"type": "Expression"
										},
										"type": "String"
									}
								}
							},
							"linkedServiceName": {
								"referenceName": "Azuresql_ETLDB",
								"type": "LinkedServiceReference"
							}
						},
						{
							"name": "Delta_WatermarkValue",
							"type": "Lookup",
							"dependsOn": [],
							"policy": {
								"timeout": "0.12:00:00",
								"retry": 0,
								"retryIntervalInSeconds": 30,
								"secureOutput": false,
								"secureInput": false
							},
							"userProperties": [],
							"typeProperties": {
								"source": {
									"type": "AzureSqlSource",
									"sqlReaderQuery": {
										"value": "exec ('@{item().WaterMarkQuery}')",
										"type": "Expression"
									},
									"queryTimeout": "02:00:00",
									"partitionOption": "None"
								},
								"dataset": {
									"referenceName": "DS_ASQL_ETLDB",
									"type": "DatasetReference",
									"parameters": {
										"SchemaName": "etl",
										"TableName": "Configuration"
									}
								},
								"firstRowOnly": false
							}
						}
					]
				}
			}
		],
		"variables": {
			"TriggerName": {
				"type": "String"
			},
			"ActionName": {
				"type": "String"
			},
			"SourceType": {
				"type": "String"
			},
			"LatestModified": {
				"type": "String"
			}
		},
		"folder": {
			"name": "IngestStage"
		},
		"annotations": [],
		"lastPublishTime": "2023-02-28T01:26:03Z"
	},
	"type": "Microsoft.Synapse/workspaces/pipelines"
}