{
	"name": "PL_DATA_HTTP_To_ADLS",
	"properties": {
		"description": "Download a file from RBNZ using a given link and save to Azure SQL",
		"activities": [
			{
				"name": "Download file from Http URL or Https",
				"type": "Copy",
				"dependsOn": [],
				"policy": {
					"timeout": "0.12:00:00",
					"retry": 100,
					"retryIntervalInSeconds": 30,
					"secureOutput": false,
					"secureInput": false
				},
				"userProperties": [],
				"typeProperties": {
					"source": {
						"type": "BinarySource",
						"storeSettings": {
							"type": "HttpReadSettings",
							"requestMethod": "GET",
							"requestTimeout": "0.12:00:00"
						},
						"formatSettings": {
							"type": "BinaryReadSettings"
						}
					},
					"sink": {
						"type": "BinarySink",
						"storeSettings": {
							"type": "AzureBlobFSWriteSettings"
						}
					},
					"enableStaging": false
				},
				"inputs": [
					{
						"referenceName": "DS_HTTP_Binary",
						"type": "DatasetReference",
						"parameters": {
							"URL": {
								"value": "@pipeline().parameters.URL",
								"type": "Expression"
							}
						}
					}
				],
				"outputs": [
					{
						"referenceName": "DS_ADLS_IDW_Binary",
						"type": "DatasetReference",
						"parameters": {
							"FolderPath": {
								"value": "@pipeline().parameters.DestinationFolderPath",
								"type": "Expression"
							},
							"FileName": {
								"value": "@pipeline().parameters.DestinationFileName",
								"type": "Expression"
							}
						}
					}
				]
			}
		],
		"parameters": {
			"URL": {
				"type": "string",
				"defaultValue": "https://www.w3.org/WAI/ER/tests/xhtml/testfiles/resources/pdf/dummy.pdf"
			},
			"DestinationFolderPath": {
				"type": "string",
				"defaultValue": "rbnz/downloads"
			},
			"DestinationFileName": {
				"type": "string",
				"defaultValue": "a.pdf"
			}
		},
		"annotations": []
	}
}