{
	"name": "PL_DATA_ADLS_To_ASQL_Excel",
	"properties": {
		"activities": [
			{
				"name": "Copy data sheet to ASQL-with truncation_copy1",
				"type": "Copy",
				"dependsOn": [],
				"policy": {
					"timeout": "0.12:00:00",
					"retry": 0,
					"retryIntervalInSeconds": 30,
					"secureOutput": false,
					"secureInput": false
				},
				"userProperties": [],
				"typeProperties": {
					"source": {
						"type": "ExcelSource",
						"additionalColumns": [
							{
								"name": "FileName",
								"value": {
									"value": "@{pipeline().parameters.FolderPath}/@{pipeline().parameters.FileName}",
									"type": "Expression"
								}
							},
							{
								"name": "TableName",
								"value": {
									"value": "@pipeline().parameters.TargetTableName",
									"type": "Expression"
								}
							},
							{
								"name": "FileDescription",
								"value": {
									"value": "@pipeline().parameters.TargetTableDescription",
									"type": "Expression"
								}
							},
							{
								"name": "TableDescription",
								"value": {
									"value": "@pipeline().parameters.TargetTableDescription",
									"type": "Expression"
								}
							},
							{
								"name": "ImportDate",
								"value": {
									"value": "@addHours(utcNow(), 12)",
									"type": "Expression"
								}
							}
						],
						"storeSettings": {
							"type": "AzureBlobFSReadSettings",
							"recursive": true,
							"enablePartitionDiscovery": false
						}
					},
					"sink": {
						"type": "AzureSqlSink",
						"writeBehavior": "insert",
						"sqlWriterUseTableLock": false,
						"tableOption": "autoCreate",
						"disableMetricsCollection": false
					},
					"enableStaging": false,
					"translator": {
						"type": "TabularTranslator",
						"typeConversion": true,
						"typeConversionSettings": {
							"allowDataTruncation": true,
							"treatBooleanAsNumber": false
						}
					}
				},
				"inputs": [
					{
						"referenceName": "DS_ADLS_IDW_Excel",
						"type": "DatasetReference",
						"parameters": {
							"FolderPath": {
								"value": "@pipeline().parameters.FolderPath",
								"type": "Expression"
							},
							"FileName": {
								"value": "@pipeline().parameters.FileName",
								"type": "Expression"
							},
							"SheetName": {
								"value": "@pipeline().parameters.SheetName",
								"type": "Expression"
							},
							"FirstRowAsHeader": {
								"value": "@pipeline().parameters.FirstRowAsHeader",
								"type": "Expression"
							}
						}
					}
				],
				"outputs": [
					{
						"referenceName": "DS_ASQL_DAPDB",
						"type": "DatasetReference",
						"parameters": {
							"SchemaName": {
								"value": "@pipeline().parameters.TargetSchemaName",
								"type": "Expression"
							},
							"TableName": {
								"value": "@pipeline().parameters.TargetTableName",
								"type": "Expression"
							},
							"DatabaseName": {
								"value": "@pipeline().parameters.TargetDatabaseName",
								"type": "Expression"
							}
						}
					}
				]
			}
		],
		"parameters": {
			"FolderPath": {
				"type": "string"
			},
			"FileName": {
				"type": "string"
			},
			"SheetName": {
				"type": "string"
			},
			"FirstRowAsHeader": {
				"type": "bool",
				"defaultValue": false
			},
			"TargetSchemaName": {
				"type": "string"
			},
			"TargetTableName": {
				"type": "string"
			},
			"TargetTableDescription": {
				"type": "string"
			},
			"TargetDatabaseName": {
				"type": "string"
			}
		},
		"annotations": []
	}
}