{
	"name": "PL_DATA_ADLS_To_ASQL_Files_Ingestion",
	"properties": {
		"description": "TRG_Load_RBNZ_Data_Daily",
		"activities": [
			{
				"name": "Get a  list of items from configration table",
				"description": "Get the configuration settings to use in the source extract using the ETL.ADF_SourceQuery_Files procedure",
				"type": "Lookup",
				"dependsOn": [
					{
						"activity": "Truncate each table",
						"dependencyConditions": [
							"Succeeded"
						]
					}
				],
				"policy": {
					"timeout": "0.12:00:00",
					"retry": 0,
					"retryIntervalInSeconds": 30,
					"secureOutput": false,
					"secureInput": false
				},
				"userProperties": [],
				"typeProperties": {
					"source": {
						"type": "AzureSqlSource",
						"sqlReaderStoredProcedureName": "[ETL].[ADF_SourceQuery_Files]",
						"storedProcedureParameters": {
							"TriggerName": {
								"type": "String",
								"value": {
									"value": "@pipeline().parameters.TriggerName",
									"type": "Expression"
								}
							}
						},
						"queryTimeout": "02:00:00",
						"partitionOption": "None"
					},
					"dataset": {
						"referenceName": "DS_ASQL_ETLDB",
						"type": "DatasetReference",
						"parameters": {
							"SchemaName": "ETL",
							"TableName": "Configuration_Files"
						}
					},
					"firstRowOnly": false
				}
			},
			{
				"name": "Get unique tables for truncation",
				"type": "Lookup",
				"dependsOn": [],
				"policy": {
					"timeout": "0.12:00:00",
					"retry": 0,
					"retryIntervalInSeconds": 30,
					"secureOutput": false,
					"secureInput": false
				},
				"userProperties": [],
				"typeProperties": {
					"source": {
						"type": "AzureSqlSource",
						"sqlReaderStoredProcedureName": "[ETL].[ADF_ListUniqueTablesForTruncation]",
						"storedProcedureParameters": {
							"TriggerName": {
								"type": "String",
								"value": {
									"value": "@pipeline().parameters.TriggerName",
									"type": "Expression"
								}
							}
						},
						"queryTimeout": "02:00:00",
						"partitionOption": "None"
					},
					"dataset": {
						"referenceName": "DS_ASQL_ETLDB",
						"type": "DatasetReference",
						"parameters": {
							"SchemaName": "ETL",
							"TableName": "Configuration_Files"
						}
					},
					"firstRowOnly": false
				}
			},
			{
				"name": "Truncate each table",
				"type": "ForEach",
				"dependsOn": [
					{
						"activity": "Get unique tables for truncation",
						"dependencyConditions": [
							"Succeeded"
						]
					}
				],
				"userProperties": [],
				"typeProperties": {
					"items": {
						"value": "@activity('Get unique tables for truncation').output.value",
						"type": "Expression"
					},
					"activities": [
						{
							"name": "Truncate table",
							"type": "Script",
							"dependsOn": [],
							"policy": {
								"timeout": "0.12:00:00",
								"retry": 0,
								"retryIntervalInSeconds": 30,
								"secureOutput": false,
								"secureInput": false
							},
							"userProperties": [],
							"linkedServiceName": {
								"referenceName": "AzureSql_DAPDB",
								"type": "LinkedServiceReference",
								"parameters": {
									"DatabaseName": {
										"value": "@item().DatabaseName",
										"type": "Expression"
									}
								}
							},
							"typeProperties": {
								"scripts": [
									{
										"type": "NonQuery",
										"text": {
											"value": "IF OBJECT_ID('[@{item().TargetSchemaName}].[@{item().TargetTableName}]') IS NOT NULL TRUNCATE TABLE [@{item().TargetSchemaName}].[@{item().TargetTableName}]",
											"type": "Expression"
										}
									}
								],
								"scriptBlockExecutionTimeout": "02:00:00"
							}
						}
					]
				}
			},
			{
				"name": "Get stored procedure to execute",
				"type": "Lookup",
				"dependsOn": [
					{
						"activity": "If ExecutedNotebook is empty or null",
						"dependencyConditions": [
							"Succeeded"
						]
					}
				],
				"policy": {
					"timeout": "0.12:00:00",
					"retry": 0,
					"retryIntervalInSeconds": 30,
					"secureOutput": false,
					"secureInput": false
				},
				"userProperties": [],
				"typeProperties": {
					"source": {
						"type": "AzureSqlSource",
						"sqlReaderStoredProcedureName": "[ETL].[ADF_ListStoredProcedures]",
						"storedProcedureParameters": {
							"TriggerName": {
								"type": "String",
								"value": {
									"value": "@pipeline().parameters.TriggerName",
									"type": "Expression"
								}
							},
							"ActionName": {
								"type": "String",
								"value": "Stage"
							}
						},
						"queryTimeout": "02:00:00",
						"partitionOption": "None"
					},
					"dataset": {
						"referenceName": "DS_ASQL_ETLDB",
						"type": "DatasetReference",
						"parameters": {
							"SchemaName": "ETL",
							"TableName": "Configuration_Files"
						}
					}
				}
			},
			{
				"name": "Run stored procedure",
				"type": "SqlServerStoredProcedure",
				"dependsOn": [
					{
						"activity": "Get stored procedure to execute",
						"dependencyConditions": [
							"Succeeded"
						]
					}
				],
				"policy": {
					"timeout": "0.12:00:00",
					"retry": 0,
					"retryIntervalInSeconds": 30,
					"secureOutput": false,
					"secureInput": false
				},
				"userProperties": [],
				"typeProperties": {
					"storedProcedureName": {
						"value": "@activity('Get stored procedure to execute').output.firstRow.ExecutedStoredProcedure",
						"type": "Expression"
					}
				},
				"linkedServiceName": {
					"referenceName": "AzureSql_DAPDB",
					"type": "LinkedServiceReference",
					"parameters": {
						"DatabaseName": {
							"value": "@activity('Get stored procedure to execute').output.firstRow.DatabaseName",
							"type": "Expression"
						}
					}
				}
			},
			{
				"name": "Get folders to archive",
				"type": "Lookup",
				"dependsOn": [
					{
						"activity": "Run stored procedure",
						"dependencyConditions": [
							"Succeeded"
						]
					}
				],
				"policy": {
					"timeout": "0.12:00:00",
					"retry": 0,
					"retryIntervalInSeconds": 30,
					"secureOutput": false,
					"secureInput": false
				},
				"userProperties": [],
				"typeProperties": {
					"source": {
						"type": "AzureSqlSource",
						"sqlReaderStoredProcedureName": "[ETL].[ADF_SourceQuery_Files]",
						"storedProcedureParameters": {
							"TriggerName": {
								"type": "String",
								"value": {
									"value": "@pipeline().parameters.TriggerName",
									"type": "Expression"
								}
							}
						},
						"queryTimeout": "02:00:00",
						"partitionOption": "None"
					},
					"dataset": {
						"referenceName": "DS_ASQL_ETLDB",
						"type": "DatasetReference",
						"parameters": {
							"SchemaName": "ETL",
							"TableName": "Configuration_Files"
						}
					}
				}
			},
			{
				"name": "If ExecutedNotebook is empty or null",
				"type": "IfCondition",
				"dependsOn": [
					{
						"activity": "Get a  list of items from configration table",
						"dependencyConditions": [
							"Succeeded"
						]
					}
				],
				"userProperties": [],
				"typeProperties": {
					"expression": {
						"value": "@or(\n    equals(\n        activity('Get a  list of items from configration table').output.value[0].ExecutedNotebook,\n        null\n     ), \n    equals(\n        activity('Get a  list of items from configration table').output.value[0].ExecutedNotebook,\n        ''\n     )     \n)",
						"type": "Expression"
					},
					"ifFalseActivities": [
						{
							"name": "LoadFilesFromFolder",
							"type": "SynapseNotebook",
							"dependsOn": [],
							"policy": {
								"timeout": "0.12:00:00",
								"retry": 0,
								"retryIntervalInSeconds": 30,
								"secureOutput": false,
								"secureInput": false
							},
							"userProperties": [],
							"typeProperties": {
								"notebook": {
									"referenceName": {
										"value": "@activity('Get a  list of items from configration table').output.value[0].ExecutedNotebook",
										"type": "Expression"
									},
									"type": "NotebookReference"
								},
								"parameters": {
									"Items": {
										"value": {
											"value": "@string(   \n        activity('Get a  list of items from configration table').output.value\n)",
											"type": "Expression"
										},
										"type": "string"
									},
									"NotebookConfiguration": {
										"value": {
											"value": "@string(pipeline().parameters.NotebookConfiguration)",
											"type": "Expression"
										},
										"type": "string"
									}
								},
								"snapshot": true,
								"sparkPool": {
									"referenceName": "SmallJobPool",
									"type": "BigDataPoolReference"
								},
								"executorSize": "Small",
								"conf": {
									"spark.dynamicAllocation.enabled": false,
									"spark.dynamicAllocation.minExecutors": 1,
									"spark.dynamicAllocation.maxExecutors": 1
								},
								"driverSize": "Small",
								"numExecutors": 1
							}
						}
					],
					"ifTrueActivities": [
						{
							"name": "Ingest Folders or files",
							"type": "ExecutePipeline",
							"dependsOn": [],
							"userProperties": [],
							"typeProperties": {
								"pipeline": {
									"referenceName": "PL_UTIL_Folders_Files_Ingestion",
									"type": "PipelineReference"
								},
								"waitOnCompletion": true,
								"parameters": {
									"items": {
										"value": "@activity('Get a  list of items from configration table').output.value",
										"type": "Expression"
									}
								}
							}
						}
					]
				}
			},
			{
				"name": "Archive source file",
				"type": "Copy",
				"dependsOn": [
					{
						"activity": "Get folders to archive",
						"dependencyConditions": [
							"Succeeded"
						]
					}
				],
				"policy": {
					"timeout": "0.12:00:00",
					"retry": 0,
					"retryIntervalInSeconds": 30,
					"secureOutput": false,
					"secureInput": false
				},
				"userProperties": [],
				"typeProperties": {
					"source": {
						"type": "BinarySource",
						"storeSettings": {
							"type": "AzureBlobFSReadSettings",
							"recursive": true,
							"deleteFilesAfterCompletion": true
						},
						"formatSettings": {
							"type": "BinaryReadSettings"
						}
					},
					"sink": {
						"type": "BinarySink",
						"storeSettings": {
							"type": "AzureBlobFSWriteSettings"
						}
					},
					"enableStaging": false
				},
				"inputs": [
					{
						"referenceName": "DS_ADLS_IDW_Binary",
						"type": "DatasetReference",
						"parameters": {
							"FolderPath": {
								"value": "@activity('Get folders to archive').output.firstRow.SourceFileDirectory",
								"type": "Expression"
							},
							"FileName": {
								"value": "@toLower('')",
								"type": "Expression"
							}
						}
					}
				],
				"outputs": [
					{
						"referenceName": "DS_ADLS_IDW_Binary",
						"type": "DatasetReference",
						"parameters": {
							"FolderPath": {
								"value": "@{activity('Get folders to archive').output.firstRow.ArchiveDirectory}/@{formatDateTime(addHours(utcNow(), 12), 'yyyy/MM/dd/hh/mm/ss')}",
								"type": "Expression"
							},
							"FileName": {
								"value": "@toLower('')",
								"type": "Expression"
							}
						}
					}
				]
			}
		],
		"parameters": {
			"TriggerName": {
				"type": "string",
				"defaultValue": "TRG_KiwiSaverDefaultProvider"
			},
			"NotebookConfiguration": {
				"type": "object",
				"defaultValue": {
					"server": "aedevdapsql01",
					"database": "aedevdapsqldb01",
					"user": "fmaadmin",
					"password_secret_name": "dapsql01-SQLAuth-Password",
					"key_vault_linked_service": "AzureKeyVault",
					"key_vault": "aedevdap01-kv-02",
					"storage_account": "aedevdaphzftcul8"
				}
			}
		},
		"folder": {
			"name": "FilesIngestion"
		},
		"annotations": []
	}
}