{
	"name": "PL_Run_Stored_Procedure",
	"properties": {
		"description": "Run Stored Procedure",
		"activities": [
			{
				"name": "Get Required objects from Configuration",
				"type": "Lookup",
				"dependsOn": [],
				"policy": {
					"timeout": "0.12:00:00",
					"retry": 0,
					"retryIntervalInSeconds": 30,
					"secureOutput": false,
					"secureInput": false
				},
				"userProperties": [],
				"typeProperties": {
					"source": {
						"type": "AzureSqlSource",
						"sqlReaderStoredProcedureName": "[ETL].[ADF_SourceQuery_WaterMark]",
						"storedProcedureParameters": {
							"ActionName": {
								"type": "String",
								"value": {
									"value": "@pipeline().parameters.ActionName",
									"type": "Expression"
								}
							},
							"DeltaLoad": {
								"type": "String",
								"value": {
									"value": "@pipeline().parameters.AllLoad",
									"type": "Expression"
								}
							},
							"SourceType": {
								"type": "String",
								"value": {
									"value": "@pipeline().parameters.SourceType",
									"type": "Expression"
								}
							},
							"TriggerName": {
								"type": "String",
								"value": {
									"value": "@pipeline().parameters.TriggerName",
									"type": "Expression"
								}
							}
						},
						"queryTimeout": "02:00:00",
						"partitionOption": "None"
					},
					"dataset": {
						"referenceName": "DS_ASQL_ETLDB",
						"type": "DatasetReference",
						"parameters": {
							"SchemaName": "etl",
							"TableName": "Configuration"
						}
					},
					"firstRowOnly": false
				}
			},
			{
				"name": "RunPostSP",
				"type": "Lookup",
				"dependsOn": [
					{
						"activity": "Get Required objects from Configuration",
						"dependencyConditions": [
							"Succeeded"
						]
					}
				],
				"policy": {
					"timeout": "0.12:00:00",
					"retry": 0,
					"retryIntervalInSeconds": 30,
					"secureOutput": false,
					"secureInput": false
				},
				"userProperties": [],
				"typeProperties": {
					"source": {
						"type": "AzureSqlSource",
						"sqlReaderStoredProcedureName": "[ETL].[ADF_ListStoredProcedures]",
						"storedProcedureParameters": {
							"TriggerName": {
								"type": "String",
								"value": {
									"value": "@pipeline().parameters.TriggerName",
									"type": "Expression"
								}
							},
							"ActionName": {
								"type": "String",
								"value": {
									"value": "@pipeline().parameters.ActionName",
									"type": "Expression"
								}
							}
						},
						"queryTimeout": "02:00:00",
						"partitionOption": "None"
					},
					"dataset": {
						"referenceName": "DS_ASQL_ETLDB",
						"type": "DatasetReference",
						"parameters": {
							"SchemaName": "etl",
							"TableName": "Configuration"
						}
					},
					"firstRowOnly": false
				}
			},
			{
				"name": "Iterate Delta tables",
				"type": "ForEach",
				"dependsOn": [
					{
						"activity": "RunPostSP",
						"dependencyConditions": [
							"Succeeded"
						]
					}
				],
				"userProperties": [],
				"typeProperties": {
					"items": {
						"value": "@activity('RunPostSP').output.value\n",
						"type": "Expression"
					},
					"isSequential": true,
					"activities": [
						{
							"name": "Run Stored Procedure",
							"type": "SqlServerStoredProcedure",
							"dependsOn": [
								{
									"activity": "SPLoggingStart",
									"dependencyConditions": [
										"Succeeded"
									]
								}
							],
							"policy": {
								"timeout": "0.12:00:00",
								"retry": 0,
								"retryIntervalInSeconds": 30,
								"secureOutput": false,
								"secureInput": false
							},
							"userProperties": [],
							"typeProperties": {
								"storedProcedureName": {
									"value": "@item().ExecutedStoredProcedure",
									"type": "Expression"
								}
							},
							"linkedServiceName": {
								"referenceName": "AzureSql_DAPDB",
								"type": "LinkedServiceReference",
								"parameters": {
									"DatabaseName": {
										"value": "@item().DatabaseName",
										"type": "Expression"
									}
								}
							}
						},
						{
							"name": "SuccessulUpdateLog",
							"type": "SqlServerStoredProcedure",
							"dependsOn": [
								{
									"activity": "Run Stored Procedure",
									"dependencyConditions": [
										"Succeeded"
									]
								}
							],
							"policy": {
								"timeout": "0.12:00:00",
								"retry": 0,
								"retryIntervalInSeconds": 30,
								"secureOutput": false,
								"secureInput": false
							},
							"userProperties": [],
							"typeProperties": {
								"storedProcedureName": "[ETL].[Sp_UpdateLogData]",
								"storedProcedureParameters": {
									"DataBehavior": {
										"value": {
											"value": "Update WaterMark Value",
											"type": "Expression"
										},
										"type": "String"
									},
									"ErrorMessage": {
										"value": null,
										"type": "String"
									},
									"EtlLogid": {
										"value": {
											"value": "@activity('SPLoggingStart').output.value[0].EtlLogid",
											"type": "Expression"
										},
										"type": "Int32"
									},
									"LogEndTime": {
										"value": {
											"value": "@utcNow()",
											"type": "Expression"
										},
										"type": "DateTime"
									},
									"RowsAffected": {
										"value": {
											"value": "1",
											"type": "Expression"
										},
										"type": "Int32"
									}
								}
							},
							"linkedServiceName": {
								"referenceName": "Azuresql_ETLDB",
								"type": "LinkedServiceReference"
							}
						},
						{
							"name": "ErrorUpdateLog",
							"type": "SqlServerStoredProcedure",
							"dependsOn": [
								{
									"activity": "Run Stored Procedure",
									"dependencyConditions": [
										"Failed"
									]
								}
							],
							"policy": {
								"timeout": "0.12:00:00",
								"retry": 0,
								"retryIntervalInSeconds": 30,
								"secureOutput": false,
								"secureInput": false
							},
							"userProperties": [],
							"typeProperties": {
								"storedProcedureName": "[ETL].[Sp_UpdateLogData]",
								"storedProcedureParameters": {
									"DataBehavior": {
										"value": {
											"value": "Update WaterMark Value",
											"type": "Expression"
										},
										"type": "String"
									},
									"ErrorMessage": {
										"value": {
											"value": "@activity('Run Stored Procedure').output.errors[0].Message",
											"type": "Expression"
										},
										"type": "String"
									},
									"EtlLogid": {
										"value": {
											"value": "@activity('RunPostSP').output.value[0].EtlLogid",
											"type": "Expression"
										},
										"type": "Int32"
									},
									"LogEndTime": {
										"value": {
											"value": "@utcNow()",
											"type": "Expression"
										},
										"type": "DateTime"
									},
									"RowsAffected": {
										"value": null,
										"type": "Int32"
									}
								}
							},
							"linkedServiceName": {
								"referenceName": "Azuresql_ETLDB",
								"type": "LinkedServiceReference"
							}
						},
						{
							"name": "SPLoggingStart",
							"type": "Lookup",
							"dependsOn": [],
							"policy": {
								"timeout": "0.12:00:00",
								"retry": 0,
								"retryIntervalInSeconds": 30,
								"secureOutput": false,
								"secureInput": false
							},
							"userProperties": [],
							"typeProperties": {
								"source": {
									"type": "AzureSqlSource",
									"sqlReaderStoredProcedureName": "[ETL].[Sp_InsertLogData]",
									"storedProcedureParameters": {
										"componentName": {
											"type": "String",
											"value": {
												"value": "ODS Process",
												"type": "Expression"
											}
										},
										"LogStart": {
											"type": "DateTime",
											"value": {
												"value": "@utcNow()",
												"type": "Expression"
											}
										},
										"pipeLineName": {
											"type": "String",
											"value": {
												"value": "@pipeline().parameters.Master_PipelineValue",
												"type": "Expression"
											}
										},
										"processID": {
											"type": "Int32",
											"value": {
												"value": "@item().ProcessID",
												"type": "Expression"
											}
										}
									},
									"queryTimeout": "02:00:00",
									"partitionOption": "None"
								},
								"dataset": {
									"referenceName": "DS_ASQL_ETLDB",
									"type": "DatasetReference",
									"parameters": {
										"SchemaName": "etl",
										"TableName": "Configuration"
									}
								},
								"firstRowOnly": false
							}
						}
					]
				}
			}
		],
		"parameters": {
			"TriggerName": {
				"type": "string"
			},
			"ActionName": {
				"type": "string"
			},
			"SourceType": {
				"type": "string",
				"defaultValue": "SQL"
			},
			"NoDeltaLoad": {
				"type": "string",
				"defaultValue": "Full"
			},
			"DeltaLoad": {
				"type": "string",
				"defaultValue": "Delta"
			},
			"AllLoad": {
				"type": "string",
				"defaultValue": "All"
			},
			"Master_PipelineValue": {
				"type": "string"
			}
		},
		"variables": {
			"TriggerName": {
				"type": "String"
			},
			"ActionName": {
				"type": "String"
			},
			"SourceType": {
				"type": "String"
			}
		},
		"folder": {
			"name": "IngestStage"
		},
		"annotations": [],
		"lastPublishTime": "2023-02-28T01:26:08Z"
	},
	"type": "Microsoft.Synapse/workspaces/pipelines"
}