{
	"name": "PL_UTIL_Folders_Files_Ingestion",
	"properties": {
		"activities": [
			{
				"name": "Ingest each folder or file",
				"type": "ForEach",
				"dependsOn": [],
				"userProperties": [],
				"typeProperties": {
					"items": {
						"value": "@pipeline().parameters.items",
						"type": "Expression"
					},
					"isSequential": false,
					"activities": [
						{
							"name": "If  source file is empty or null",
							"type": "IfCondition",
							"dependsOn": [],
							"userProperties": [],
							"typeProperties": {
								"expression": {
									"value": "@or(\n    equals(item().SourceFileName, null),\n    equals(item().SourceFileName, '')\n)",
									"type": "Expression"
								},
								"ifFalseActivities": [
									{
										"name": "Ingest File",
										"type": "ExecutePipeline",
										"dependsOn": [],
										"userProperties": [],
										"typeProperties": {
											"pipeline": {
												"referenceName": "PL_DATA_ADLS_To_ASQL_Excel",
												"type": "PipelineReference"
											},
											"waitOnCompletion": true,
											"parameters": {
												"FolderPath": {
													"value": "@item().SourceFileDirectory",
													"type": "Expression"
												},
												"FileName": {
													"value": "@item().SourceFileName",
													"type": "Expression"
												},
												"SheetName": {
													"value": "@item().SourceSheetName",
													"type": "Expression"
												},
												"FirstRowAsHeader": {
													"value": "@equals(item().FirstRowAsHeader, 'TRUE')",
													"type": "Expression"
												},
												"TargetSchemaName": {
													"value": "@{item().TargetSchemaName}",
													"type": "Expression"
												},
												"TargetTableName": {
													"value": "@{item().TargetTableName}",
													"type": "Expression"
												},
												"TargetTableDescription": {
													"value": "@{item().TableDescription}",
													"type": "Expression"
												},
												"TargetDatabaseName": {
													"value": "@item().DatabaseName",
													"type": "Expression"
												}
											}
										}
									}
								],
								"ifTrueActivities": [
									{
										"name": "Ingest files in the folder",
										"type": "ExecutePipeline",
										"dependsOn": [],
										"userProperties": [],
										"typeProperties": {
											"pipeline": {
												"referenceName": "PL_UTIL_Folder_Ingestion",
												"type": "PipelineReference"
											},
											"waitOnCompletion": true,
											"parameters": {
												"FolderPath": {
													"value": "@item().SourceFileDirectory",
													"type": "Expression"
												},
												"SheetName": {
													"value": "@item().SourceSheetName",
													"type": "Expression"
												},
												"FirstRowAsHeader": {
													"value": "@{not(equals(item().FirstRowAsHeader, 'FALSE'))}",
													"type": "Expression"
												},
												"TargetSchemaName": {
													"value": "@item().TargetSchemaName",
													"type": "Expression"
												},
												"TargetTableName": {
													"value": "@item().TargetTableName",
													"type": "Expression"
												},
												"TargetTableDescription": {
													"value": "@item().TableDescription",
													"type": "Expression"
												},
												"TargetDatabaseName": {
													"value": "@item().DatabaseName",
													"type": "Expression"
												}
											}
										}
									}
								]
							}
						}
					]
				}
			}
		],
		"parameters": {
			"items": {
				"type": "array"
			}
		},
		"folder": {
			"name": "FilesIngestion"
		},
		"annotations": []
	}
}