{
	"name": "PL_UTIL_Folder_Ingestion",
	"properties": {
		"activities": [
			{
				"name": "Get Files",
				"type": "GetMetadata",
				"dependsOn": [],
				"policy": {
					"timeout": "0.12:00:00",
					"retry": 0,
					"retryIntervalInSeconds": 30,
					"secureOutput": false,
					"secureInput": false
				},
				"userProperties": [],
				"typeProperties": {
					"dataset": {
						"referenceName": "DS_ADLS_IDW_Binary",
						"type": "DatasetReference",
						"parameters": {
							"FolderPath": {
								"value": "@pipeline().parameters.FolderPath",
								"type": "Expression"
							},
							"FileName": {
								"value": "@toLower('')",
								"type": "Expression"
							}
						}
					},
					"fieldList": [
						"childItems"
					],
					"storeSettings": {
						"type": "AzureBlobFSReadSettings",
						"recursive": true,
						"enablePartitionDiscovery": false
					},
					"formatSettings": {
						"type": "BinaryReadSettings"
					}
				}
			},
			{
				"name": "Ingest each file",
				"type": "ForEach",
				"dependsOn": [
					{
						"activity": "Get Files",
						"dependencyConditions": [
							"Succeeded"
						]
					}
				],
				"userProperties": [],
				"typeProperties": {
					"items": {
						"value": "@activity('Get Files').output.childItems",
						"type": "Expression"
					},
					"isSequential": false,
					"activities": [
						{
							"name": "Ingest Data",
							"type": "ExecutePipeline",
							"dependsOn": [],
							"userProperties": [],
							"typeProperties": {
								"pipeline": {
									"referenceName": "PL_DATA_ADLS_To_ASQL_Excel",
									"type": "PipelineReference"
								},
								"waitOnCompletion": true,
								"parameters": {
									"FolderPath": {
										"value": "@pipeline().parameters.FolderPath",
										"type": "Expression"
									},
									"FileName": {
										"value": "@item().name",
										"type": "Expression"
									},
									"SheetName": {
										"value": "@pipeline().parameters.SheetName",
										"type": "Expression"
									},
									"FirstRowAsHeader": {
										"value": "@pipeline().parameters.FirstRowAsHeader",
										"type": "Expression"
									},
									"TargetSchemaName": {
										"value": "@pipeline().parameters.TargetSchemaName",
										"type": "Expression"
									},
									"TargetTableName": {
										"value": "@pipeline().parameters.TargetTableName",
										"type": "Expression"
									},
									"TargetTableDescription": {
										"value": "@pipeline().parameters.TargetTableDescription",
										"type": "Expression"
									},
									"TargetDatabaseName": {
										"value": "@pipeline().parameters.TargetDatabaseName",
										"type": "Expression"
									}
								}
							}
						}
					]
				}
			}
		],
		"parameters": {
			"FolderPath": {
				"type": "string"
			},
			"SheetName": {
				"type": "string"
			},
			"FirstRowAsHeader": {
				"type": "string"
			},
			"TargetSchemaName": {
				"type": "string"
			},
			"TargetTableName": {
				"type": "string"
			},
			"TargetTableDescription": {
				"type": "string"
			},
			"TargetDatabaseName": {
				"type": "string"
			}
		},
		"folder": {
			"name": "FilesIngestion"
		},
		"annotations": []
	}
}