{
	"name": "PL_Watermark_Data_Audit_SQL09_To_ASQL",
	"properties": {
		"description": "Get the Max WaterMark Value from the Claire system",
		"activities": [
			{
				"name": "Get Required objects from Configuration",
				"type": "Lookup",
				"dependsOn": [],
				"policy": {
					"timeout": "0.12:00:00",
					"retry": 0,
					"retryIntervalInSeconds": 30,
					"secureOutput": false,
					"secureInput": false
				},
				"userProperties": [],
				"typeProperties": {
					"source": {
						"type": "AzureSqlSource",
						"sqlReaderStoredProcedureName": "[ETL].[ADF_SourceQuery_WaterMark]",
						"storedProcedureParameters": {
							"ActionName": {
								"type": "String",
								"value": {
									"value": "@pipeline().parameters.ActionName",
									"type": "Expression"
								}
							},
							"DeltaLoad": {
								"type": "String",
								"value": {
									"value": "@pipeline().parameters.AllLoad",
									"type": "Expression"
								}
							},
							"SourceType": {
								"type": "String",
								"value": {
									"value": "@pipeline().parameters.SourceType",
									"type": "Expression"
								}
							},
							"TriggerName": {
								"type": "String",
								"value": {
									"value": "@pipeline().parameters.TriggerName",
									"type": "Expression"
								}
							}
						},
						"queryTimeout": "02:00:00",
						"partitionOption": "None"
					},
					"dataset": {
						"referenceName": "DS_ASQL_ETLDB",
						"type": "DatasetReference",
						"parameters": {
							"SchemaName": "etl",
							"TableName": "Configuration"
						}
					},
					"firstRowOnly": false
				}
			},
			{
				"name": "Iterate tables to ingest into Azure from 09Server",
				"type": "ForEach",
				"dependsOn": [
					{
						"activity": "Get Required objects from Configuration",
						"dependencyConditions": [
							"Succeeded"
						]
					}
				],
				"userProperties": [],
				"typeProperties": {
					"items": {
						"value": "@activity('Get Required objects from Configuration').output.value",
						"type": "Expression"
					},
					"batchCount": 5,
					"activities": [
						{
							"name": "IsDataLoadType_Delta",
							"type": "IfCondition",
							"dependsOn": [],
							"userProperties": [],
							"typeProperties": {
								"expression": {
									"value": "@equals(item().DataLoadType,'DELTA')",
									"type": "Expression"
								},
								"ifFalseActivities": [
									{
										"name": "Full Data copy",
										"type": "Copy",
										"dependsOn": [
											{
												"activity": "FullLoad_LoggingStart",
												"dependencyConditions": [
													"Succeeded"
												]
											}
										],
										"policy": {
											"timeout": "0.12:00:00",
											"retry": 0,
											"retryIntervalInSeconds": 30,
											"secureOutput": false,
											"secureInput": false
										},
										"userProperties": [],
										"typeProperties": {
											"source": {
												"type": "SqlServerSource",
												"sqlReaderQuery": {
													"value": "EXEC ('@{item().executeSQlQuery}')",
													"type": "Expression"
												},
												"queryTimeout": "02:00:00",
												"partitionOption": "None"
											},
											"sink": {
												"type": "AzureSqlSink",
												"preCopyScript": {
													"value": "@{item().executePreSQL}",
													"type": "Expression"
												},
												"writeBehavior": "insert",
												"sqlWriterUseTableLock": false,
												"disableMetricsCollection": false
											},
											"enableStaging": true,
											"stagingSettings": {
												"linkedServiceName": {
													"referenceName": "AzureStorageAccount",
													"type": "LinkedServiceReference"
												},
												"path": "clarestaging"
											},
											"translator": {
												"type": "TabularTranslator",
												"typeConversion": true,
												"typeConversionSettings": {
													"allowDataTruncation": true,
													"treatBooleanAsNumber": false
												}
											}
										},
										"inputs": [
											{
												"referenceName": "DS_SQL_FMA_MSCRM",
												"type": "DatasetReference",
												"parameters": {
													"sr_dbserver": {
														"value": "@item().SourceServerName",
														"type": "Expression"
													},
													"sr_dbname": {
														"value": "@item().SourceDatabaseName",
														"type": "Expression"
													},
													"sr_schema": {
														"value": "@item().SourceSchemaName",
														"type": "Expression"
													},
													"sr_table": {
														"value": "@item().SourceTableName",
														"type": "Expression"
													}
												}
											}
										],
										"outputs": [
											{
												"referenceName": "DS_ASQL_DAPDB",
												"type": "DatasetReference",
												"parameters": {
													"SchemaName": {
														"value": "@item().TargetSchemaName",
														"type": "Expression"
													},
													"TableName": {
														"value": "@item().TargetTableName",
														"type": "Expression"
													},
													"DatabaseName": {
														"value": "@item().TargetDatabaseName",
														"type": "Expression"
													}
												}
											}
										]
									},
									{
										"name": "FullLoad_LoggingStart",
										"type": "Lookup",
										"dependsOn": [],
										"policy": {
											"timeout": "0.12:00:00",
											"retry": 0,
											"retryIntervalInSeconds": 30,
											"secureOutput": false,
											"secureInput": false
										},
										"userProperties": [],
										"typeProperties": {
											"source": {
												"type": "AzureSqlSource",
												"sqlReaderStoredProcedureName": "[ETL].[Sp_InsertLogData]",
												"storedProcedureParameters": {
													"componentName": {
														"type": "String",
														"value": {
															"value": "Full Copy",
															"type": "Expression"
														}
													},
													"LogStart": {
														"type": "DateTime",
														"value": {
															"value": "@utcNow()",
															"type": "Expression"
														}
													},
													"pipeLineName": {
														"type": "String",
														"value": {
															"value": "@pipeline().Pipeline",
															"type": "Expression"
														}
													},
													"processID": {
														"type": "Int32",
														"value": {
															"value": "@item().ProcessID",
															"type": "Expression"
														}
													}
												},
												"queryTimeout": "02:00:00",
												"partitionOption": "None"
											},
											"dataset": {
												"referenceName": "DS_ASQL_ETLDB",
												"type": "DatasetReference",
												"parameters": {
													"SchemaName": "etl",
													"TableName": "Configuration"
												}
											},
											"firstRowOnly": false
										}
									},
									{
										"name": "FullLoad_SuccessfulLog",
										"type": "SqlServerStoredProcedure",
										"dependsOn": [
											{
												"activity": "Full Data copy",
												"dependencyConditions": [
													"Succeeded"
												]
											}
										],
										"policy": {
											"timeout": "0.12:00:00",
											"retry": 0,
											"retryIntervalInSeconds": 30,
											"secureOutput": false,
											"secureInput": false
										},
										"userProperties": [],
										"typeProperties": {
											"storedProcedureName": "[ETL].[Sp_UpdateLogData]",
											"storedProcedureParameters": {
												"DataBehavior": {
													"value": "InsertPrimaryKey",
													"type": "String"
												},
												"ErrorMessage": {
													"value": null,
													"type": "String"
												},
												"EtlLogid": {
													"value": {
														"value": "@activity('FullLoad_LoggingStart').output.value[0].EtlLogid\n",
														"type": "Expression"
													},
													"type": "Int32"
												},
												"LogEndTime": {
													"value": {
														"value": "@utcNow()",
														"type": "Expression"
													},
													"type": "DateTime"
												},
												"RowsAffected": {
													"value": {
														"value": "@activity('Full Data copy').output.rowsCopied\n",
														"type": "Expression"
													},
													"type": "Int32"
												}
											}
										},
										"linkedServiceName": {
											"referenceName": "Azuresql_ETLDB",
											"type": "LinkedServiceReference"
										}
									},
									{
										"name": "FullLoad_ErrorLog",
										"type": "SqlServerStoredProcedure",
										"dependsOn": [
											{
												"activity": "Full Data copy",
												"dependencyConditions": [
													"Failed"
												]
											}
										],
										"policy": {
											"timeout": "0.12:00:00",
											"retry": 0,
											"retryIntervalInSeconds": 30,
											"secureOutput": false,
											"secureInput": false
										},
										"userProperties": [],
										"typeProperties": {
											"storedProcedureName": "[ETL].[Sp_UpdateLogData]",
											"storedProcedureParameters": {
												"DataBehavior": {
													"value": "InsertPrimaryKey",
													"type": "String"
												},
												"ErrorMessage": {
													"value": {
														"value": "@activity('Full Data copy').output.errors[0].Message\n",
														"type": "Expression"
													},
													"type": "String"
												},
												"EtlLogid": {
													"value": {
														"value": "@activity('FullLoad_LoggingStart').output.value[0].EtlLogid\n\n",
														"type": "Expression"
													},
													"type": "Int32"
												},
												"LogEndTime": {
													"value": {
														"value": "@utcNow()",
														"type": "Expression"
													},
													"type": "DateTime"
												},
												"RowsAffected": {
													"value": null,
													"type": "Int32"
												}
											}
										},
										"linkedServiceName": {
											"referenceName": "Azuresql_ETLDB",
											"type": "LinkedServiceReference"
										}
									}
								],
								"ifTrueActivities": [
									{
										"name": "Delta Copy",
										"type": "Copy",
										"dependsOn": [
											{
												"activity": "LoggingStart",
												"dependencyConditions": [
													"Succeeded"
												]
											}
										],
										"policy": {
											"timeout": "0.12:00:00",
											"retry": 0,
											"retryIntervalInSeconds": 30,
											"secureOutput": false,
											"secureInput": false
										},
										"userProperties": [],
										"typeProperties": {
											"source": {
												"type": "SqlServerSource",
												"sqlReaderQuery": {
													"value": "EXEC ('@{item().executeSQlQuery}')\n ",
													"type": "Expression"
												},
												"queryTimeout": "02:00:00",
												"partitionOption": "None"
											},
											"sink": {
												"type": "AzureSqlSink",
												"preCopyScript": {
													"value": "@{item().executePreSQL}",
													"type": "Expression"
												},
												"writeBehavior": "insert",
												"sqlWriterUseTableLock": false,
												"disableMetricsCollection": false
											},
											"enableStaging": true,
											"stagingSettings": {
												"linkedServiceName": {
													"referenceName": "AzureStorageAccount",
													"type": "LinkedServiceReference"
												},
												"path": "clarestaging"
											},
											"translator": {
												"type": "TabularTranslator",
												"typeConversion": true,
												"typeConversionSettings": {
													"allowDataTruncation": true,
													"treatBooleanAsNumber": false
												}
											}
										},
										"inputs": [
											{
												"referenceName": "DS_SQL_FMA_MSCRM",
												"type": "DatasetReference",
												"parameters": {
													"sr_dbserver": {
														"value": "@item().SourceServerName",
														"type": "Expression"
													},
													"sr_dbname": {
														"value": "@item().SourceDatabaseName",
														"type": "Expression"
													},
													"sr_schema": {
														"value": "@item().SourceSchemaName",
														"type": "Expression"
													},
													"sr_table": {
														"value": "@item().SourceTableName",
														"type": "Expression"
													}
												}
											}
										],
										"outputs": [
											{
												"referenceName": "DS_ASQL_DAPDB",
												"type": "DatasetReference",
												"parameters": {
													"SchemaName": {
														"value": "@item().TargetSchemaName",
														"type": "Expression"
													},
													"TableName": {
														"value": "@item().TargetTableName",
														"type": "Expression"
													},
													"DatabaseName": {
														"value": "@item().TargetDatabaseName",
														"type": "Expression"
													}
												}
											}
										]
									},
									{
										"name": "LoggingStart",
										"type": "Lookup",
										"dependsOn": [],
										"policy": {
											"timeout": "0.12:00:00",
											"retry": 0,
											"retryIntervalInSeconds": 30,
											"secureOutput": false,
											"secureInput": false
										},
										"userProperties": [],
										"typeProperties": {
											"source": {
												"type": "AzureSqlSource",
												"sqlReaderStoredProcedureName": "[ETL].[Sp_InsertLogData]",
												"storedProcedureParameters": {
													"componentName": {
														"type": "String",
														"value": {
															"value": "Delta Copy",
															"type": "Expression"
														}
													},
													"LogStart": {
														"type": "DateTime",
														"value": {
															"value": "@utcNow()",
															"type": "Expression"
														}
													},
													"pipeLineName": {
														"type": "String",
														"value": {
															"value": "@pipeline().Pipeline",
															"type": "Expression"
														}
													},
													"processID": {
														"type": "Int32",
														"value": {
															"value": "@item().ProcessID",
															"type": "Expression"
														}
													}
												},
												"queryTimeout": "02:00:00",
												"partitionOption": "None"
											},
											"dataset": {
												"referenceName": "DS_ASQL_ETLDB",
												"type": "DatasetReference",
												"parameters": {
													"SchemaName": "etl",
													"TableName": "Configuration"
												}
											},
											"firstRowOnly": false
										}
									},
									{
										"name": "SuccessfulLog",
										"type": "SqlServerStoredProcedure",
										"dependsOn": [
											{
												"activity": "Delta Copy",
												"dependencyConditions": [
													"Succeeded"
												]
											}
										],
										"policy": {
											"timeout": "0.12:00:00",
											"retry": 0,
											"retryIntervalInSeconds": 30,
											"secureOutput": false,
											"secureInput": false
										},
										"userProperties": [],
										"typeProperties": {
											"storedProcedureName": "[ETL].[Sp_UpdateLogData]",
											"storedProcedureParameters": {
												"DataBehavior": {
													"value": "InsertData",
													"type": "String"
												},
												"ErrorMessage": {
													"value": null,
													"type": "String"
												},
												"EtlLogid": {
													"value": {
														"value": "@activity('LoggingStart').output.value[0].EtlLogid",
														"type": "Expression"
													},
													"type": "Int32"
												},
												"LogEndTime": {
													"value": {
														"value": "@utcNow()",
														"type": "Expression"
													},
													"type": "DateTime"
												},
												"RowsAffected": {
													"value": {
														"value": "@activity('Delta Copy').output.rowsCopied",
														"type": "Expression"
													},
													"type": "Int32"
												}
											}
										},
										"linkedServiceName": {
											"referenceName": "Azuresql_ETLDB",
											"type": "LinkedServiceReference"
										}
									},
									{
										"name": "ErrorLog",
										"type": "SqlServerStoredProcedure",
										"dependsOn": [
											{
												"activity": "Delta Copy",
												"dependencyConditions": [
													"Failed"
												]
											}
										],
										"policy": {
											"timeout": "0.12:00:00",
											"retry": 0,
											"retryIntervalInSeconds": 30,
											"secureOutput": false,
											"secureInput": false
										},
										"userProperties": [],
										"typeProperties": {
											"storedProcedureName": "[ETL].[Sp_UpdateLogData]",
											"storedProcedureParameters": {
												"DataBehavior": {
													"value": "InsertData",
													"type": "String"
												},
												"ErrorMessage": {
													"value": {
														"value": "@activity('Delta Copy').output.errors[0].Message",
														"type": "Expression"
													},
													"type": "String"
												},
												"EtlLogid": {
													"value": {
														"value": "@activity('LoggingStart').output.value[0].EtlLogid",
														"type": "Expression"
													},
													"type": "Int32"
												},
												"LogEndTime": {
													"value": {
														"value": "@utcNow()",
														"type": "Expression"
													},
													"type": "DateTime"
												},
												"RowsAffected": {
													"value": null,
													"type": "Int32"
												}
											}
										},
										"linkedServiceName": {
											"referenceName": "Azuresql_ETLDB",
											"type": "LinkedServiceReference"
										}
									}
								]
							}
						}
					]
				}
			}
		],
		"parameters": {
			"TriggerName": {
				"type": "string",
				"defaultValue": "Clare_WaterMarkValue"
			},
			"ActionName": {
				"type": "string",
				"defaultValue": "Unique Audit"
			},
			"SourceType": {
				"type": "string",
				"defaultValue": "SQL"
			},
			"NoDeltaLoad": {
				"type": "string",
				"defaultValue": "Full"
			},
			"DeltaLoad": {
				"type": "string",
				"defaultValue": "Delta"
			},
			"AllLoad": {
				"type": "string",
				"defaultValue": "All"
			}
		},
		"variables": {
			"TriggerName": {
				"type": "String"
			},
			"ActionName": {
				"type": "String"
			},
			"SourceType": {
				"type": "String"
			}
		},
		"folder": {
			"name": "IngestStage"
		},
		"annotations": [],
		"lastPublishTime": "2023-02-28T01:26:08Z"
	},
	"type": "Microsoft.Synapse/workspaces/pipelines"
}