{
	"name": "SPLoggingStart",
	"properties": {
		"activities": [
			{
				"name": "SPLoggingStart",
				"type": "Lookup",
				"dependsOn": [],
				"policy": {
					"timeout": "0.12:00:00",
					"retry": 0,
					"retryIntervalInSeconds": 30,
					"secureOutput": false,
					"secureInput": false
				},
				"userProperties": [],
				"typeProperties": {
					"source": {
						"type": "AzureSqlSource",
						"sqlReaderStoredProcedureName": "[ETL].[Sp_InsertLogData]",
						"storedProcedureParameters": {
							"componentName": {
								"type": "String",
								"value": {
									"value": "ODS Process",
									"type": "Expression"
								}
							},
							"LogStart": {
								"type": "DateTime",
								"value": {
									"value": "@utcNow()",
									"type": "Expression"
								}
							},
							"pipeLineName": {
								"type": "String",
								"value": {
									"value": "@pipeline().Pipeline",
									"type": "Expression"
								}
							},
							"processID": {
								"type": "Int32",
								"value": null
							}
						},
						"queryTimeout": "02:00:00",
						"partitionOption": "None"
					},
					"dataset": {
						"referenceName": "DS_ASQL_ETLDB",
						"type": "DatasetReference",
						"parameters": {
							"SchemaName": "etl",
							"TableName": "Configuration"
						}
					},
					"firstRowOnly": false
				}
			}
		],
		"parameters": {
			"ProcessName": {
				"type": "string",
				"defaultValue": "DataTrigger"
			},
			"Batch": {
				"type": "int",
				"defaultValue": 0
			},
			"TriggerName": {
				"type": "string",
				"defaultValue": "DataTrigger"
			},
			"ActionName": {
				"type": "string",
				"defaultValue": "Stage"
			},
			"SourceType": {
				"type": "string",
				"defaultValue": "SQL"
			},
			"DeltaLoad": {
				"type": "string",
				"defaultValue": "Delta"
			}
		},
		"variables": {
			"BatchID": {
				"type": "String"
			},
			"TargetTableName": {
				"type": "String"
			}
		},
		"folder": {
			"name": "Utilies"
		},
		"annotations": [],
		"lastPublishTime": "2023-02-28T01:25:52Z"
	},
	"type": "Microsoft.Synapse/workspaces/pipelines"
}