{
	"name": "DS_ASQL_aedevdapsqldb01",
	"properties": {
		"linkedServiceName": {
			"referenceName": "AzureSql_DAPDB",
			"type": "LinkedServiceReference",
			"parameters": {
				"DomainName": "aedevdapsql01.database.windows.net",
				"DatabaseName": "aedevdapsqldb01"
			}
		},
		"parameters": {
			"tg_ServerName": {
				"type": "string"
			},
			"tg_Database": {
				"type": "string"
			},
			"tg_Schema": {
				"type": "string"
			},
			"tg_Table": {
				"type": "string"
			}
		},
		"folder": {
			"name": "FMADS_Test"
		},
		"annotations": [],
		"type": "AzureSqlTable",
		"schema": [],
		"typeProperties": {
			"schema": {
				"value": "@dataset().tg_Schema",
				"type": "Expression"
			},
			"table": {
				"value": "@dataset().tg_Table",
				"type": "Expression"
			}
		}
	},
	"type": "Microsoft.Synapse/workspaces/datasets"
}