{
	"name": "Azuresql_ETLDB",
	"type": "Microsoft.Synapse/workspaces/linkedservices",
	"properties": {
		"annotations": [],
		"type": "AzureSqlDatabase",
		"typeProperties": {
			"connectionString": "Integrated Security=False;Encrypt=True;Connection Timeout=30;Data Source=aedevdapsql01.database.windows.net;Initial Catalog=aedevdapsqldb01_etl;User ID=fmaadmin",
			"password": {
				"type": "AzureKeyVaultSecret",
				"store": {
					"referenceName": "AzureKeyVault",
					"type": "LinkedServiceReference"
				},
				"secretName": "aedevdapsql01-SQLAuth-Password"
			}
		},
		"connectVia": {
			"referenceName": "AutoResolveIntegrationRuntime",
			"type": "IntegrationRuntimeReference"
		}
	}
}