{
	"name": "SQLServer_SQL09",
	"type": "Microsoft.Synapse/workspaces/linkedservices",
	"properties": {
		"parameters": {
			"ServerName": {
				"type": "string",
				"defaultValue": "FMAWPDSQL09"
			},
			"DatabaseName": {
				"type": "string",
				"defaultValue": "FMA_MSCRM"
			},
			"SchemaName": {
				"type": "string",
				"defaultValue": "dbo"
			}
		},
		"annotations": [],
		"type": "SqlServer",
		"typeProperties": {
			"connectionString": "Integrated Security=True;Data Source=@{linkedService().ServerName};Initial Catalog=@{linkedService().DatabaseName}",
			"userName": "SEC_COM\\SVC_DAP_SQLIngest",
			"password": {
				"type": "AzureKeyVaultSecret",
				"store": {
					"referenceName": "AzureKeyVault",
					"type": "LinkedServiceReference"
				},
				"secretName": "SQL09-WinAuth-Password"
			}
		},
		"connectVia": {
			"referenceName": "SelfHosted",
			"type": "IntegrationRuntimeReference"
		}
	}
}