{
	"name": "CRM Daily Load",
	"properties": {
		"description": "Trigger to run the daily CRM loads",
		"annotations": [],
		"runtimeState": "Started",
		"pipelines": [
			{
				"pipelineReference": {
					"referenceName": "00_Master Daily Run",
					"type": "PipelineReference"
				}
			}
		],
		"type": "ScheduleTrigger",
		"typeProperties": {
			"recurrence": {
				"frequency": "Day",
				"interval": 1,
				"startTime": "2023-04-05T07:01:00",
				"endTime": "2023-04-24T08:18:07",
				"timeZone": "New Zealand Standard Time",
				"schedule": {
					"minutes": [
						1
					],
					"hours": [
						6
					]
				}
			}
		}
	}
}