{
	"name": "TRG_KiwiSaverDefaultProvider",
	"properties": {
		"annotations": [],
		"runtimeState": "Stopped",
		"pipelines": [
			{
				"pipelineReference": {
					"referenceName": "PL_DATA_ADLS_To_ASQL_Files_Ingestion",
					"type": "PipelineReference"
				},
				"parameters": {
					"TriggerName": "TRG_KiwiSaverDefaultProvider",
					"NotebookConfiguration": {
						"server": "aedevdapsql01",
						"database": "aedevdapsqldb01",
						"user": "fmaadmin",
						"password_secret_name": "dapsql01-SQLAuth-Password",
						"key_vault_linked_service": "AzureKeyVault",
						"key_vault": "aedevdap01-kv-02",
						"storage_account": "aedevdaphzftcul8"
					}
				}
			}
		],
		"type": "ScheduleTrigger",
		"typeProperties": {
			"recurrence": {
				"frequency": "Day",
				"interval": 1,
				"startTime": "2023-04-06T04:03:00",
				"timeZone": "New Zealand Standard Time",
				"schedule": {
					"minutes": [
						0
					],
					"hours": [
						7
					]
				}
			}
		}
	}
}