{
	"name": "TRG_Load_RBNZ_Data_Weekly",
	"properties": {
		"annotations": [],
		"runtimeState": "Started",
		"pipelines": [
			{
				"pipelineReference": {
					"referenceName": "PL_DATA_HTTP_To_ASQL_RBNZ",
					"type": "PipelineReference"
				},
				"parameters": {
					"TriggerName": "TRG_Load_RBNZ_Data_Daily"
				}
			}
		],
		"type": "ScheduleTrigger",
		"typeProperties": {
			"recurrence": {
				"frequency": "Week",
				"interval": 1,
				"startTime": "2023-02-15T20:48:00",
				"timeZone": "New Zealand Standard Time",
				"schedule": {
					"minutes": [
						0
					],
					"hours": [
						4
					],
					"weekDays": [
						"Monday"
					]
				}
			}
		}
	}
}