{
	"name": "TRG_Load_RefAddress",
	"properties": {
		"annotations": [],
		"runtimeState": "Started",
		"pipelines": [
			{
				"pipelineReference": {
					"referenceName": "PL_DATA_ADLS_To_ASQL_CSV_Configuration",
					"type": "PipelineReference"
				},
				"parameters": {
					"SourceFolder": "@triggerBody().folderPath",
					"SourceFileName": "@triggerBody().fileName",
					"DestinationSchemaName": "ref",
					"DestinationTableName": "address",
					"ArchiveFolder": "configurations/archive/ref_address",
					"DropTable": false,
					"DestinationDatabaseName": "aedevdapsqldb01"
				}
			}
		],
		"type": "BlobEventsTrigger",
		"typeProperties": {
			"blobPathBeginsWith": "/configurations/blobs/ref_address/",
			"blobPathEndsWith": ".csv",
			"ignoreEmptyBlobs": true,
			"scope": "/subscriptions/54a8dd37-24ae-4496-beab-f7b9cbf4cb3f/resourceGroups/aedevdap01-rg/providers/Microsoft.Storage/storageAccounts/aedevdaphzftcul8",
			"events": [
				"Microsoft.Storage.BlobCreated"
			]
		}
	}
}