{
	"name": "TRG_Load_FMA_Employee_Data",
	"properties": {
		"annotations": [],
		"runtimeState": "Started",
		"pipelines": [
			{
				"pipelineReference": {
					"referenceName": "PL_DATA_ADLS_To_ASQL_Files_Ingestion",
					"type": "PipelineReference"
				},
				"parameters": {
					"TriggerName": "TRG_Load_FMA_Employee_Data"
				}
			}
		],
		"type": "BlobEventsTrigger",
		"typeProperties": {
			"blobPathBeginsWith": "/fmaemployee/blobs/inputs/",
			"blobPathEndsWith": ".xlsx",
			"ignoreEmptyBlobs": true,
			"scope": "/subscriptions/54a8dd37-24ae-4496-beab-f7b9cbf4cb3f/resourceGroups/aedevdap01-rg/providers/Microsoft.Storage/storageAccounts/aedevdaphzftcul8",
			"events": [
				"Microsoft.Storage.BlobCreated"
			]
		}
	}
}