{
	"name": "AzureSql_DAPDB",
	"properties": {
		"parameters": {
			"DatabaseName": {
				"type": "string",
				"defaultValue": "aedevdapsqldb01"
			}
		},
		"annotations": [],
		"type": "AzureSqlDatabase",
		"typeProperties": {
			"connectionString": "Integrated Security=False;Encrypt=True;Connection Timeout=30;Data Source=aedevdapsql01.database.windows.net;Initial Catalog=@{linkedService().DatabaseName};User ID=fmaadmin",
			"password": {
				"type": "AzureKeyVaultSecret",
				"store": {
					"referenceName": "AzureKeyVault",
					"type": "LinkedServiceReference"
				},
				"secretName": "dapsql01-SQLAuth-Password"
			}
		},
		"connectVia": {
			"referenceName": "AutoResolveIntegrationRuntime",
			"type": "IntegrationRuntimeReference"
		}
	},
	"type": "Microsoft.Synapse/workspaces/linkedservices"
}