{
	"name": "LS_HTTP_AnonymousDownload",
	"properties": {
		"description": "Download files from URL.",
		"parameters": {
			"BaseURL": {
				"type": "string",
				"defaultValue": "https://www.w3.org"
			}
		},
		"annotations": [],
		"type": "HttpServer",
		"typeProperties": {
			"url": "@{linkedService().BaseURL}",
			"enableServerCertificateValidation": false,
			"authenticationType": "Anonymous"
		},
		"connectVia": {
			"referenceName": "SelfHosted",
			"type": "IntegrationRuntimeReference"
		}
	}
}