{
	"name": "SQLServer_SQL09",
	"properties": {
		"annotations": [],
		"type": "SqlServer",
		"typeProperties": {
			"connectionString": "Integrated Security=True;Data Source=FMAWPDSQL09;Initial Catalog=FMA_MSCRM",
			"userName": "SEC_COM\\SVC_DAP_SQLIngest",
			"password": {
				"type": "AzureKeyVaultSecret",
				"store": {
					"referenceName": "AzureKeyVault",
					"type": "LinkedServiceReference"
				},
				"secretName": "SQL09-WinAuth-Password"
			}
		},
		"connectVia": {
			"referenceName": "SelfHosted",
			"type": "IntegrationRuntimeReference"
		}
	},
	"type": "Microsoft.Synapse/workspaces/linkedservices"
}