{
	"name": "LoadKiwiSaverFiles",
	"properties": {
		"nbformat": 4,
		"nbformat_minor": 2,
		"bigDataPool": {
			"referenceName": "SmallJobPool",
			"type": "BigDataPoolReference"
		},
		"sessionProperties": {
			"driverMemory": "28g",
			"driverCores": 4,
			"executorMemory": "28g",
			"executorCores": 4,
			"numExecutors": 1,
			"conf": {
				"spark.dynamicAllocation.enabled": "true",
				"spark.dynamicAllocation.minExecutors": "1",
				"spark.dynamicAllocation.maxExecutors": "4",
				"spark.autotune.trackingId": "d8e5e4d9-747f-4bff-9189-2aacea5a9adf"
			}
		},
		"metadata": {
			"saveOutput": true,
			"enableDebugMode": true,
			"kernelspec": {
				"name": "synapse_pyspark",
				"display_name": "Synapse PySpark"
			},
			"language_info": {
				"name": "python"
			},
			"a365ComputeOptions": {
				"id": "/subscriptions/54a8dd37-24ae-4496-beab-f7b9cbf4cb3f/resourceGroups/aedevdap01-rg/providers/Microsoft.Synapse/workspaces/aedevsynapse01-ws/bigDataPools/SmallJobPool",
				"name": "SmallJobPool",
				"type": "Spark",
				"endpoint": "https://aedevsynapse01-ws.dev.azuresynapse.net/livyApi/versions/2019-11-01-preview/sparkPools/SmallJobPool",
				"auth": {
					"type": "AAD",
					"authResource": "https://dev.azuresynapse.net"
				},
				"sparkVersion": "3.2",
				"nodeCount": 10,
				"cores": 4,
				"memory": 28,
				"automaticScaleJobs": true
			},
			"sessionKeepAliveTimeout": 30
		},
		"cells": [
			{
				"cell_type": "code",
				"metadata": {
					"tags": [
						"parameters"
					]
				},
				"source": [
					"Items=\"\"\r\n",
					"NotebookConfiguration = \"\""
				],
				"execution_count": 1
			},
			{
				"cell_type": "code",
				"metadata": {
					"jupyter": {
						"source_hidden": false,
						"outputs_hidden": false
					},
					"nteract": {
						"transient": {
							"deleting": false
						}
					}
				},
				"source": [
					"#NotebookConfiguration = \"\"\"{\\\"server\\\":\\\"aedevdapsql01\\\",\\\"database\\\":\\\"aedevdapsqldb01\\\",\\\"user\\\":\\\"fmaadmin\\\",\\\"password_secret_name\\\":\\\"dapsql01-SQLAuth-Password\\\",\\\"key_vault_linked_service\\\":\\\"AzureKeyVault\\\",\\\"key_vault\\\":\\\"aedevdap01-kv-02\\\",\\\"storage_account\\\":\\\"aedevdaphzftcul8\\\"}\"\"\"\r\n",
					"#Items = \"\"\"[{\\\"TriggerName\\\":\\\"TRG_KiwiSaverDefaultProvider\\\",\\\"SourceWebsiteAddress\\\":null,\\\"SourceFileDirectory\\\":\\\"kiwisaver/downloads\\\",\\\"SourceFileName\\\":null,\\\"SourceSheetName\\\":\\\"1.0\\\",\\\"TargetSchemaName\\\":\\\"files\\\",\\\"TargetTableName\\\":\\\"load_KiwiSaverReportingProvider_Memmbers\\\",\\\"ExecutedStoredProcedure\\\":\\\"proc_KiwiSaverReportingProvider_transform\\\",\\\"ExecutedNotebook\\\":\\\"LoadKiwiSaverFiles\\\",\\\"Rundate\\\":\\\"2023-03-29T02:55:25.59\\\",\\\"executePreSQL\\\":\\\"if object_id('files.load_KiwiSaverReportingProvider_Memmbers') is not null Truncate Table files.load_KiwiSaverReportingProvider_Memmbers\\\",\\\"TableDescription\\\":\\\"Kiwi Default Provider Information\\\",\\\"FirstRowAsHeader\\\":\\\"FALSE\\\",\\\"ArchiveDirectory\\\":\\\"kiwisaver/archive/downloads\\\",\\\"DatabaseName\\\":\\\"aedevdapsqldb01\\\"},{\\\"TriggerName\\\":\\\"TRG_KiwiSaverDefaultProvider\\\",\\\"SourceWebsiteAddress\\\":null,\\\"SourceFileDirectory\\\":\\\"kiwisaver/downloads\\\",\\\"SourceFileName\\\":null,\\\"SourceSheetName\\\":\\\"1.2e\\\",\\\"TargetSchemaName\\\":\\\"files\\\",\\\"TargetTableName\\\":\\\"load_KiwiSaverReportingProvider_MemberComplaints\\\",\\\"ExecutedStoredProcedure\\\":\\\"proc_KiwiSaverReportingProvider_transform\\\",\\\"ExecutedNotebook\\\":\\\"LoadKiwiSaverFiles\\\",\\\"Rundate\\\":\\\"2023-03-29T02:55:25.59\\\",\\\"executePreSQL\\\":\\\"if object_id('files.load_KiwiSaverReportingProvider_MemberComplaints') is not null Truncate Table files.load_KiwiSaverReportingProvider_MemberComplaints\\\",\\\"TableDescription\\\":\\\"Kiwi Default Provider Information\\\",\\\"FirstRowAsHeader\\\":\\\"FALSE\\\",\\\"ArchiveDirectory\\\":\\\"kiwisaver/archive/downloads\\\",\\\"DatabaseName\\\":\\\"aedevdapsqldb01\\\"},{\\\"TriggerName\\\":\\\"TRG_KiwiSaverDefaultProvider\\\",\\\"SourceWebsiteAddress\\\":null,\\\"SourceFileDirectory\\\":\\\"kiwisaver/downloads\\\",\\\"SourceFileName\\\":null,\\\"SourceSheetName\\\":\\\"1.2f\\\",\\\"TargetSchemaName\\\":\\\"files\\\",\\\"TargetTableName\\\":\\\"load_KiwiSaverReportingProvider_ESGPolicy\\\",\\\"ExecutedStoredProcedure\\\":\\\"proc_KiwiSaverReportingProvider_transform\\\",\\\"ExecutedNotebook\\\":\\\"LoadKiwiSaverFiles\\\",\\\"Rundate\\\":\\\"2023-03-29T02:55:25.59\\\",\\\"executePreSQL\\\":\\\"if object_id('files.load_KiwiSaverReportingProvider_ESGPolicy') is not null Truncate Table files.load_KiwiSaverReportingProvider_ESGPolicy\\\",\\\"TableDescription\\\":\\\"Kiwi Default Provider Information\\\",\\\"FirstRowAsHeader\\\":\\\"FALSE\\\",\\\"ArchiveDirectory\\\":\\\"kiwisaver/archive/downloads\\\",\\\"DatabaseName\\\":\\\"aedevdapsqldb01\\\"},{\\\"TriggerName\\\":\\\"TRG_KiwiSaverDefaultProvider\\\",\\\"SourceWebsiteAddress\\\":null,\\\"SourceFileDirectory\\\":\\\"kiwisaver/downloads\\\",\\\"SourceFileName\\\":null,\\\"SourceSheetName\\\":\\\"3.0\\\",\\\"TargetSchemaName\\\":\\\"files\\\",\\\"TargetTableName\\\":\\\"load_KiwiSaverReportingProvider_MinServiceObligations\\\",\\\"ExecutedStoredProcedure\\\":\\\"proc_KiwiSaverReportingProvider_transform\\\",\\\"ExecutedNotebook\\\":\\\"LoadKiwiSaverFiles\\\",\\\"Rundate\\\":\\\"2023-03-29T02:55:25.59\\\",\\\"executePreSQL\\\":\\\"if object_id('files.load_KiwiSaverReportingProvider_MinServiceObligations') is not null Truncate Table files.load_KiwiSaverReportingProvider_MinServiceObligations\\\",\\\"TableDescription\\\":\\\"Kiwi Default Provider Information\\\",\\\"FirstRowAsHeader\\\":\\\"FALSE\\\",\\\"ArchiveDirectory\\\":\\\"kiwisaver/archive/downloads\\\",\\\"DatabaseName\\\":\\\"aedevdapsqldb01\\\"},{\\\"TriggerName\\\":\\\"TRG_KiwiSaverDefaultProvider\\\",\\\"SourceWebsiteAddress\\\":null,\\\"SourceFileDirectory\\\":\\\"kiwisaver/downloads\\\",\\\"SourceFileName\\\":null,\\\"SourceSheetName\\\":\\\"3.05\\\",\\\"TargetSchemaName\\\":\\\"files\\\",\\\"TargetTableName\\\":\\\"load_KiwiSaverReportingProvider_MinServiceObligations_Nett\\\",\\\"ExecutedStoredProcedure\\\":\\\"proc_KiwiSaverReportingProvider_transform\\\",\\\"ExecutedNotebook\\\":\\\"LoadKiwiSaverFiles\\\",\\\"Rundate\\\":\\\"2023-03-29T02:55:25.59\\\",\\\"executePreSQL\\\":\\\"if object_id('files.load_KiwiSaverReportingProvider_MinServiceObligations_Nett') is not null Truncate Table files.load_KiwiSaverReportingProvider_MinServiceObligations_Nett\\\",\\\"TableDescription\\\":\\\"Kiwi Default Provider Information\\\",\\\"FirstRowAsHeader\\\":\\\"FALSE\\\",\\\"ArchiveDirectory\\\":\\\"kiwisaver/archive/downloads\\\",\\\"DatabaseName\\\":\\\"aedevdapsqldb01\\\"},{\\\"TriggerName\\\":\\\"TRG_KiwiSaverDefaultProvider\\\",\\\"SourceWebsiteAddress\\\":null,\\\"SourceFileDirectory\\\":\\\"kiwisaver/downloads\\\",\\\"SourceFileName\\\":null,\\\"SourceSheetName\\\":\\\"3.1\\\",\\\"TargetSchemaName\\\":\\\"files\\\",\\\"TargetTableName\\\":\\\"load_KiwiSaverReportingProvider_GNA\\\",\\\"ExecutedStoredProcedure\\\":\\\"proc_KiwiSaverReportingProvider_transform\\\",\\\"ExecutedNotebook\\\":\\\"LoadKiwiSaverFiles\\\",\\\"Rundate\\\":\\\"2023-03-29T02:55:25.59\\\",\\\"executePreSQL\\\":\\\"if object_id('files.load_KiwiSaverReportingProvider_GNA') is not null Truncate Table files.load_KiwiSaverReportingProvider_GNA\\\",\\\"TableDescription\\\":\\\"Kiwi Default Provider Information\\\",\\\"FirstRowAsHeader\\\":\\\"FALSE\\\",\\\"ArchiveDirectory\\\":\\\"kiwisaver/archive/downloads\\\",\\\"DatabaseName\\\":\\\"aedevdapsqldb01\\\"},{\\\"TriggerName\\\":\\\"TRG_KiwiSaverDefaultProvider\\\",\\\"SourceWebsiteAddress\\\":null,\\\"SourceFileDirectory\\\":\\\"kiwisaver/downloads\\\",\\\"SourceFileName\\\":null,\\\"SourceSheetName\\\":\\\"3.2\\\",\\\"TargetSchemaName\\\":\\\"files\\\",\\\"TargetTableName\\\":\\\"load_KiwiSaverReportingProvider_VerbalMemberEnquiries\\\",\\\"ExecutedStoredProcedure\\\":\\\"proc_KiwiSaverReportingProvider_transform\\\",\\\"ExecutedNotebook\\\":\\\"LoadKiwiSaverFiles\\\",\\\"Rundate\\\":\\\"2023-03-29T02:55:25.59\\\",\\\"executePreSQL\\\":\\\"if object_id('files.load_KiwiSaverReportingProvider_VerbalMemberEnquiries') is not null Truncate Table files.load_KiwiSaverReportingProvider_VerbalMemberEnquiries\\\",\\\"TableDescription\\\":\\\"Kiwi Default Provider Information\\\",\\\"FirstRowAsHeader\\\":\\\"FALSE\\\",\\\"ArchiveDirectory\\\":\\\"kiwisaver/archive/downloads\\\",\\\"DatabaseName\\\":\\\"aedevdapsqldb01\\\"},{\\\"TriggerName\\\":\\\"TRG_KiwiSaverDefaultProvider\\\",\\\"SourceWebsiteAddress\\\":null,\\\"SourceFileDirectory\\\":\\\"kiwisaver/downloads\\\",\\\"SourceFileName\\\":null,\\\"SourceSheetName\\\":\\\"4.0\\\",\\\"TargetSchemaName\\\":\\\"files\\\",\\\"TargetTableName\\\":\\\"load_KiwiSaverReportingProvider_6MonthWindow\\\",\\\"ExecutedStoredProcedure\\\":\\\"proc_KiwiSaverReportingProvider_transform\\\",\\\"ExecutedNotebook\\\":\\\"LoadKiwiSaverFiles\\\",\\\"Rundate\\\":\\\"2023-03-29T02:55:25.59\\\",\\\"executePreSQL\\\":\\\"if object_id('files.load_KiwiSaverReportingProvider_6MonthWindow') is not null Truncate Table files.load_KiwiSaverReportingProvider_6MonthWindow\\\",\\\"TableDescription\\\":\\\"Kiwi Default Provider Information\\\",\\\"FirstRowAsHeader\\\":\\\"FALSE\\\",\\\"ArchiveDirectory\\\":\\\"kiwisaver/archive/downloads\\\",\\\"DatabaseName\\\":\\\"aedevdapsqldb01\\\"},{\\\"TriggerName\\\":\\\"TRG_KiwiSaverDefaultProvider\\\",\\\"SourceWebsiteAddress\\\":null,\\\"SourceFileDirectory\\\":\\\"kiwisaver/downloads\\\",\\\"SourceFileName\\\":null,\\\"SourceSheetName\\\":\\\"6.0\\\",\\\"TargetSchemaName\\\":\\\"files\\\",\\\"TargetTableName\\\":\\\"load_KiwiSaverReportingProvider_InvestmentReturn\\\",\\\"ExecutedStoredProcedure\\\":\\\"proc_KiwiSaverReportingProvider_transform\\\",\\\"ExecutedNotebook\\\":\\\"LoadKiwiSaverFiles\\\",\\\"Rundate\\\":\\\"2023-03-29T02:55:25.59\\\",\\\"executePreSQL\\\":\\\"if object_id('files.load_KiwiSaverReportingProvider_InvestmentReturn') is not null Truncate Table files.load_KiwiSaverReportingProvider_InvestmentReturn\\\",\\\"TableDescription\\\":\\\"Kiwi Default Provider Information\\\",\\\"FirstRowAsHeader\\\":\\\"FALSE\\\",\\\"ArchiveDirectory\\\":\\\"kiwisaver/archive/downloads\\\",\\\"DatabaseName\\\":\\\"aedevdapsqldb01\\\"},{\\\"TriggerName\\\":\\\"TRG_KiwiSaverDefaultProvider\\\",\\\"SourceWebsiteAddress\\\":null,\\\"SourceFileDirectory\\\":\\\"kiwisaver/downloads\\\",\\\"SourceFileName\\\":null,\\\"SourceSheetName\\\":\\\"8.0\\\",\\\"TargetSchemaName\\\":\\\"files\\\",\\\"TargetTableName\\\":\\\"load_KiwiSaverReportingProvider_6MonthyReturn\\\",\\\"ExecutedStoredProcedure\\\":\\\"proc_KiwiSaverReportingProvider_transform\\\",\\\"ExecutedNotebook\\\":\\\"LoadKiwiSaverFiles\\\",\\\"Rundate\\\":\\\"2023-03-29T02:55:25.59\\\",\\\"executePreSQL\\\":\\\"if object_id('files.load_KiwiSaverReportingProvider_6MonthyReturn') is not null Truncate Table files.load_KiwiSaverReportingProvider_6MonthyReturn\\\",\\\"TableDescription\\\":\\\"Kiwi Default Provider Information\\\",\\\"FirstRowAsHeader\\\":\\\"FALSE\\\",\\\"ArchiveDirectory\\\":\\\"kiwisaver/archive/downloads\\\",\\\"DatabaseName\\\":\\\"aedevdapsqldb01\\\"},{\\\"TriggerName\\\":\\\"TRG_KiwiSaverDefaultProvider\\\",\\\"SourceWebsiteAddress\\\":null,\\\"SourceFileDirectory\\\":\\\"kiwisaver/downloads\\\",\\\"SourceFileName\\\":null,\\\"SourceSheetName\\\":\\\"9.0\\\",\\\"TargetSchemaName\\\":\\\"files\\\",\\\"TargetTableName\\\":\\\"load_KiwiSaverReportingProvider_ProductintoOtherFunds\\\",\\\"ExecutedStoredProcedure\\\":\\\"proc_KiwiSaverReportingProvider_transform\\\",\\\"ExecutedNotebook\\\":\\\"LoadKiwiSaverFiles\\\",\\\"Rundate\\\":\\\"2023-03-29T02:55:25.59\\\",\\\"executePreSQL\\\":\\\"if object_id('files.load_KiwiSaverReportingProvider_ProductintoOtherFunds') is not null Truncate Table files.load_KiwiSaverReportingProvider_ProductintoOtherFunds\\\",\\\"TableDescription\\\":\\\"Kiwi Default Provider Information\\\",\\\"FirstRowAsHeader\\\":\\\"FALSE\\\",\\\"ArchiveDirectory\\\":\\\"kiwisaver/archive/downloads\\\",\\\"DatabaseName\\\":\\\"aedevdapsqldb01\\\"},{\\\"TriggerName\\\":\\\"TRG_KiwiSaverDefaultProvider\\\",\\\"SourceWebsiteAddress\\\":null,\\\"SourceFileDirectory\\\":\\\"kiwisaver/downloads\\\",\\\"SourceFileName\\\":null,\\\"SourceSheetName\\\":\\\"Cover\\\",\\\"TargetSchemaName\\\":\\\"files\\\",\\\"TargetTableName\\\":\\\"load_KiwiSaverReportingProvider_Cover\\\",\\\"ExecutedStoredProcedure\\\":\\\"proc_KiwiSaverReportingProvider_transform\\\",\\\"ExecutedNotebook\\\":\\\"LoadKiwiSaverFiles\\\",\\\"Rundate\\\":\\\"2023-03-29T02:55:25.59\\\",\\\"executePreSQL\\\":\\\"if object_id('files.load_KiwiSaverReportingProvider_Cover') is not null Truncate Table files.load_KiwiSaverReportingProvider_Cover\\\",\\\"TableDescription\\\":\\\"Kiwi Default Provider Information\\\",\\\"FirstRowAsHeader\\\":\\\"FALSE\\\",\\\"ArchiveDirectory\\\":\\\"kiwisaver/archive/downloads\\\",\\\"DatabaseName\\\":\\\"aedevdapsqldb01\\\"}]\"\"\""
				],
				"execution_count": 2
			},
			{
				"cell_type": "code",
				"metadata": {
					"jupyter": {
						"source_hidden": false,
						"outputs_hidden": false
					},
					"nteract": {
						"transient": {
							"deleting": false
						}
					}
				},
				"source": [
					"import json\r\n",
					"items= json.loads(Items)\r\n",
					"config = json.loads(NotebookConfiguration)\r\n",
					"print('config', config)\r\n",
					"print('items', items)\r\n",
					"\r\n",
					"server = config['server']\r\n",
					"database = config['database']\r\n",
					"user = config['user']\r\n",
					"password_secret_name = config['password_secret_name']\r\n",
					"key_vault_linked_service = config['key_vault_linked_service']\r\n",
					"key_vault = config['key_vault']\r\n",
					"\r\n",
					"storage_account = config['storage_account']\r\n",
					"\r\n",
					"path = items[0]['SourceFileDirectory']\r\n",
					"container = path.split(\"/\")[0].strip()\r\n",
					"folder = \"/\".join(path.split(\"/\")[1:]).strip()"
				],
				"execution_count": 3
			},
			{
				"cell_type": "markdown",
				"metadata": {
					"nteract": {
						"transient": {
							"deleting": false
						}
					}
				},
				"source": [
					"## Utils"
				]
			},
			{
				"cell_type": "code",
				"metadata": {
					"jupyter": {
						"source_hidden": false,
						"outputs_hidden": false
					},
					"nteract": {
						"transient": {
							"deleting": false
						}
					}
				},
				"source": [
					"%run /Utils"
				],
				"execution_count": 4
			},
			{
				"cell_type": "code",
				"metadata": {
					"jupyter": {
						"source_hidden": false,
						"outputs_hidden": false
					},
					"nteract": {
						"transient": {
							"deleting": false
						}
					}
				},
				"source": [
					"if not storage_account.endswith(\".net\"):\r\n",
					"    storage_account = f\"{storage_account}.dfs.core.windows.net\"\r\n",
					"\r\n",
					"password = mssparkutils.credentials.getSecret(\r\n",
					"    key_vault, \r\n",
					"    password_secret_name, \r\n",
					"    key_vault_linked_service\r\n",
					")\r\n",
					"\r\n",
					"sql_utils = SQLUtils(server, database, user, password)"
				],
				"execution_count": 5
			},
			{
				"cell_type": "code",
				"metadata": {
					"jupyter": {
						"source_hidden": false,
						"outputs_hidden": false
					},
					"nteract": {
						"transient": {
							"deleting": false
						}
					}
				},
				"source": [
					"download_dir = f'abfss://{container}@{storage_account}/{folder}'\r\n",
					"mssparkutils.fs.ls(download_dir)"
				],
				"execution_count": 6
			},
			{
				"cell_type": "code",
				"metadata": {
					"jupyter": {
						"source_hidden": false,
						"outputs_hidden": false
					},
					"nteract": {
						"transient": {
							"deleting": false
						}
					}
				},
				"source": [
					"#%pip install pyxlsb"
				],
				"execution_count": 7
			},
			{
				"cell_type": "code",
				"metadata": {
					"jupyter": {
						"source_hidden": false,
						"outputs_hidden": false
					},
					"nteract": {
						"transient": {
							"deleting": false
						}
					}
				},
				"source": [
					"import pyxlsb"
				],
				"execution_count": 8
			},
			{
				"cell_type": "markdown",
				"metadata": {
					"nteract": {
						"transient": {
							"deleting": false
						}
					}
				},
				"source": [
					"## Load Files"
				]
			},
			{
				"cell_type": "code",
				"metadata": {
					"jupyter": {
						"source_hidden": false,
						"outputs_hidden": false
					},
					"nteract": {
						"transient": {
							"deleting": false
						}
					}
				},
				"source": [
					"from datetime import datetime, timedelta\r\n",
					"from pyspark.sql.types import StructType, StructField, StringType, IntegerType\r\n",
					"import pandas as pd\r\n",
					"\r\n",
					"def normalize(d):\r\n",
					"    values = d.values\r\n",
					"    normalized = []\r\n",
					"    for r in values:\r\n",
					"        row = [str(v) if v is not None and not pd.isna(v) else None for v in r]\r\n",
					"        normalized.append(row)\r\n",
					"    normalized = pd.DataFrame.from_records(normalized, columns=d.columns)\r\n",
					"    return normalized\r\n",
					"\r\n",
					"\r\n",
					"def rename(d: pd.DataFrame, prefix='Prop_') -> pd.DataFrame:\r\n",
					"    d.columns = [prefix + str(c) for c in d.columns]\r\n",
					"    return d\r\n",
					"\r\n",
					"\r\n",
					"def enrich(d: pd.DataFrame, item: dict, file_name: str):\r\n",
					"    \"\"\" add the following columns\r\n",
					"        [TableName] [nvarchar](max) NULL,\r\n",
					"        [TableDescription] [nvarchar](max) NULL,\r\n",
					"        [ImportDate] [nvarchar](max) NULL,\r\n",
					"        [RowID] [int] IDENTITY(1,1) NOT NULL\r\n",
					"        2023-02-14T02:08:59.9584935Z\r\n",
					"    \"\"\"\r\n",
					"    d[\"FileName\"] = file_name\r\n",
					"    d[\"TableName\"] = f'{item[\"TargetSchemaName\"]}.{item[\"TargetTableName\"]}'\r\n",
					"    d[\"FileDescription\"] = item[\"TableDescription\"]\r\n",
					"    d[\"TableDescription\"] = item[\"TableDescription\"]\r\n",
					"    d[\"ImportDate\"] = (datetime.now() + timedelta(hours=12)).strftime(\"%Y-%m-%dT%H:%M:%S.%f0Z\")\r\n",
					"    d[\"RowID\"] = list(range(1, d.shape[0] + 1))\r\n",
					"    return d\r\n",
					""
				],
				"execution_count": 9
			},
			{
				"cell_type": "code",
				"metadata": {
					"jupyter": {
						"source_hidden": false,
						"outputs_hidden": false
					},
					"nteract": {
						"transient": {
							"deleting": false
						}
					}
				},
				"source": [
					"import tempfile\r\n",
					"import glob\r\n",
					"import os\r\n",
					"\r\n",
					"import pandas as pd\r\n",
					"\r\n",
					"spark.conf.set('spark.sql.execution.arrow.enabled', 'false')\r\n",
					"\r\n",
					"\r\n",
					"with tempfile.TemporaryDirectory() as temp:\r\n",
					"    print(temp)\r\n",
					"    temp_dir = f\"file://{temp}\"\r\n",
					"    mssparkutils.fs.cp(download_dir, temp_dir, recurse=True)\r\n",
					"    for path in glob.glob(os.path.join(temp, \"downloads\", \"*.xlsb\")):\r\n",
					"        print(path)\r\n",
					"        for item in items:\r\n",
					"            header = None\r\n",
					"            if item['FirstRowAsHeader'].lower() == \"true\":\r\n",
					"                header = 0\r\n",
					"            print(\"Read data from\", path)\r\n",
					"            d = pd.read_excel(\r\n",
					"                path, \r\n",
					"                sheet_name=item['SourceSheetName'], \r\n",
					"                header=header, \r\n",
					"                engine='pyxlsb'\r\n",
					"            )\r\n",
					"            d = d.where(pd.notnull(d), None)\r\n",
					"            d = rename(d)\r\n",
					"            d = enrich(d, item, os.path.basename(path))\r\n",
					"            target_table = f'{item[\"TargetSchemaName\"]}.{item[\"TargetTableName\"]}'\r\n",
					"            print(\"Write to table\", target_table)\r\n",
					"            d = normalize(d)\r\n",
					"            d['RowID'] = d['RowID'].astype('int32')\r\n",
					"            df = spark.createDataFrame(d)\r\n",
					"            df = cast_null_type_to_string(df)           \r\n",
					"            sql_utils.append(df, target_table)\r\n",
					"            "
				],
				"execution_count": 10
			},
			{
				"cell_type": "code",
				"metadata": {
					"jupyter": {
						"source_hidden": false,
						"outputs_hidden": false
					},
					"nteract": {
						"transient": {
							"deleting": false
						}
					}
				},
				"source": [
					""
				],
				"execution_count": null
			}
		]
	}
}