{
	"name": "RunNotebook",
	"properties": {
		"nbformat": 4,
		"nbformat_minor": 2,
		"sessionProperties": {
			"driverMemory": "28g",
			"driverCores": 4,
			"executorMemory": "28g",
			"executorCores": 4,
			"numExecutors": 2,
			"conf": {
				"spark.dynamicAllocation.enabled": "false",
				"spark.dynamicAllocation.minExecutors": "2",
				"spark.dynamicAllocation.maxExecutors": "2",
				"spark.autotune.trackingId": "833ba26e-c6d0-4bd6-86ae-d24e2221e180"
			}
		},
		"metadata": {
			"saveOutput": true,
			"enableDebugMode": false,
			"kernelspec": {
				"name": "synapse_pyspark",
				"display_name": "python"
			},
			"language_info": {
				"name": "python"
			},
			"sessionKeepAliveTimeout": 30
		},
		"cells": [
			{
				"cell_type": "code",
				"metadata": {
					"tags": [
						"parameters"
					]
				},
				"source": [
					"items_string = \"\""
				],
				"execution_count": null
			},
			{
				"cell_type": "code",
				"metadata": {
					"jupyter": {
						"source_hidden": false,
						"outputs_hidden": false
					},
					"nteract": {
						"transient": {
							"deleting": false
						}
					}
				},
				"source": [
					"import json\r\n",
					"\r\n",
					"items = json.loads(items_string)\r\n",
					"if not isinstance(items, list):\r\n",
					"    raise Exception(f\"Items from items_string should be a list. Instead, it's {items}\")\r\n",
					"if not items:\r\n",
					"    raise Exception(\"Items from items_string should not be empty.\")\r\n",
					"\r\n",
					"notebook = items[0].get(\"ExecutedNotebook\")\r\n",
					"if not notebook:\r\n",
					"    raise Exception(\"No valid ExcecutedNotebook in the items {items}\")"
				],
				"execution_count": null
			},
			{
				"cell_type": "code",
				"metadata": {
					"jupyter": {
						"source_hidden": false,
						"outputs_hidden": false
					},
					"nteract": {
						"transient": {
							"deleting": false
						}
					}
				},
				"source": [
					"%run $notebook {\"items_string\": items_string}"
				],
				"execution_count": null
			}
		]
	}
}