{
	"name": "Utils",
	"properties": {
		"nbformat": 4,
		"nbformat_minor": 2,
		"sessionProperties": {
			"driverMemory": "28g",
			"driverCores": 4,
			"executorMemory": "28g",
			"executorCores": 4,
			"numExecutors": 2,
			"conf": {
				"spark.dynamicAllocation.enabled": "false",
				"spark.dynamicAllocation.minExecutors": "2",
				"spark.dynamicAllocation.maxExecutors": "2",
				"spark.autotune.trackingId": "b4538910-ed3d-4fda-884a-0391ec4ba11f"
			}
		},
		"metadata": {
			"saveOutput": true,
			"enableDebugMode": false,
			"kernelspec": {
				"name": "synapse_pyspark",
				"display_name": "python"
			},
			"language_info": {
				"name": "python"
			},
			"sessionKeepAliveTimeout": 30
		},
		"cells": [
			{
				"cell_type": "code",
				"source": [
					"from pyspark.sql import DataFrame, SparkSession\r\n",
					"import pandas as pd\r\n",
					"from typing import Union\r\n",
					"\r\n",
					"\r\n",
					"class SQLUtils:\r\n",
					"    \r\n",
					"    def __init__(self, server: str, database: str, user: str, password: str):\r\n",
					"        if not server.endswith(\".net\"):\r\n",
					"            server = f\"jdbc:sqlserver://{server}.database.windows.net\"\r\n",
					"        self.server = f\"{server}:1433\"\r\n",
					"        self.database = database\r\n",
					"        self.user = user\r\n",
					"        self.password = password\r\n",
					"\r\n",
					"        self.url =  f\"{server};databaseName={database};\"\r\n",
					"\r\n",
					"    def overwrite(self, df: DataFrame, table: str, truncate: Union[bool, str] = False):\r\n",
					"        if type(truncate) == bool:\r\n",
					"            truncate = str(truncate).lower()\r\n",
					"        (df.write\r\n",
					"            .format(\"com.microsoft.sqlserver.jdbc.spark\")\r\n",
					"            .mode(\"overwrite\")\r\n",
					"            .option(\"truncate\", truncate)\r\n",
					"            .option(\"url\", self.url)\r\n",
					"            .option(\"dbtable\", table)\r\n",
					"            .option(\"user\", self.user)\r\n",
					"            .option(\"password\", self.password)\r\n",
					"            .save()\r\n",
					"        )\r\n",
					"\r\n",
					"    def append(self, df: DataFrame, table: str):\r\n",
					"        (df.write\r\n",
					"            .format(\"com.microsoft.sqlserver.jdbc.spark\")\r\n",
					"            .mode(\"append\")\r\n",
					"            .option(\"schemaCheckEnabled\", \"false\")\r\n",
					"            .option(\"url\", self.url)\r\n",
					"            .option(\"dbtable\", table)\r\n",
					"            .option(\"user\", self.user)\r\n",
					"            .option(\"password\", self.password)\r\n",
					"            .save()\r\n",
					"        )\r\n",
					"\r\n",
					"    "
				],
				"execution_count": null
			},
			{
				"cell_type": "code",
				"metadata": {
					"jupyter": {
						"source_hidden": false,
						"outputs_hidden": false
					},
					"nteract": {
						"transient": {
							"deleting": false
						}
					}
				},
				"source": [
					"def cast_null_type_to_string(df: DataFrame) -> DataFrame:\r\n",
					"    void_cols = [s.name for s in df.schema if str(s.dataType) == 'NullType']\r\n",
					"    for name in void_cols:\r\n",
					"        df = df.withColumn(name, df[name].cast(\"string\"))\r\n",
					"    return df"
				],
				"execution_count": null
			},
			{
				"cell_type": "code",
				"metadata": {
					"jupyter": {
						"source_hidden": false,
						"outputs_hidden": false
					},
					"nteract": {
						"transient": {
							"deleting": false
						}
					}
				},
				"source": [
					""
				],
				"execution_count": null
			}
		]
	}
}