{
	"name": "TestAddColumnNameInTable",
	"properties": {
		"activities": [
			{
				"name": "Copy data1",
				"type": "Copy",
				"dependsOn": [],
				"policy": {
					"timeout": "0.12:00:00",
					"retry": 0,
					"retryIntervalInSeconds": 30,
					"secureOutput": false,
					"secureInput": false
				},
				"userProperties": [],
				"typeProperties": {
					"source": {
						"type": "AzureSqlSource",
						"additionalColumns": [
							{
								"name": "Rowid",
								"value": "1"
							}
						],
						"queryTimeout": "02:00:00",
						"partitionOption": "None"
					},
					"sink": {
						"type": "AzureSqlSink",
						"writeBehavior": "insert",
						"sqlWriterUseTableLock": false,
						"tableOption": "autoCreate",
						"disableMetricsCollection": false
					},
					"enableStaging": false,
					"translator": {
						"type": "TabularTranslator",
						"typeConversion": true,
						"typeConversionSettings": {
							"allowDataTruncation": true,
							"treatBooleanAsNumber": false
						}
					}
				},
				"inputs": [
					{
						"referenceName": "AzureSqltest1",
						"type": "DatasetReference"
					}
				],
				"outputs": [
					{
						"referenceName": "AzureSqltest2",
						"type": "DatasetReference"
					}
				]
			}
		],
		"folder": {
			"name": "IngestStage"
		},
		"annotations": [],
		"lastPublishTime": "2023-02-14T03:33:02Z"
	},
	"type": "Microsoft.Synapse/workspaces/pipelines"
}