{
	"name": "DS_ADLS_IDW_Binary",
	"properties": {
		"linkedServiceName": {
			"referenceName": "AzureStorageAccount",
			"type": "LinkedServiceReference"
		},
		"parameters": {
			"FolderPath": {
				"type": "string"
			},
			"FileName": {
				"type": "string"
			}
		},
		"annotations": [],
		"type": "Binary",
		"typeProperties": {
			"location": {
				"type": "AzureBlobFSLocation",
				"fileName": {
					"value": "@dataset().FileName",
					"type": "Expression"
				},
				"fileSystem": {
					"value": "@dataset().FolderPath",
					"type": "Expression"
				}
			}
		}
	}
}