{
	"name": "DS_ADLS_IDW_CSV",
	"properties": {
		"linkedServiceName": {
			"referenceName": "AzureStorageAccount",
			"type": "LinkedServiceReference"
		},
		"parameters": {
			"FolderPath": {
				"type": "string"
			},
			"FileName": {
				"type": "string"
			},
			"FirstRowAsHeader": {
				"type": "bool",
				"defaultValue": true
			}
		},
		"annotations": [],
		"type": "DelimitedText",
		"typeProperties": {
			"location": {
				"type": "AzureBlobFSLocation",
				"fileName": {
					"value": "@dataset().FileName",
					"type": "Expression"
				},
				"fileSystem": {
					"value": "@dataset().FolderPath",
					"type": "Expression"
				}
			},
			"columnDelimiter": ",",
			"escapeChar": "\"",
			"firstRowAsHeader": {
				"value": "@dataset().FirstRowAsHeader",
				"type": "Expression"
			},
			"quoteChar": "\""
		},
		"schema": []
	}
}