{
	"name": "DS_ADLS_IDW_Excel",
	"properties": {
		"linkedServiceName": {
			"referenceName": "AzureStorageAccount",
			"type": "LinkedServiceReference",
			"parameters": {
				"ADLS_URL": "https://aedevdaphzftcul8.dfs.core.windows.net"
			}
		},
		"parameters": {
			"FolderPath": {
				"type": "string"
			},
			"FileName": {
				"type": "string"
			},
			"SheetName": {
				"type": "string"
			},
			"FirstRowAsHeader": {
				"type": "bool"
			}
		},
		"annotations": [],
		"type": "Excel",
		"typeProperties": {
			"sheetName": {
				"value": "@dataset().SheetName",
				"type": "Expression"
			},
			"location": {
				"type": "AzureBlobFSLocation",
				"fileName": {
					"value": "@dataset().FileName",
					"type": "Expression"
				},
				"fileSystem": {
					"value": "@dataset().FolderPath",
					"type": "Expression"
				}
			},
			"firstRowAsHeader": {
				"value": "@dataset().FirstRowAsHeader",
				"type": "Expression"
			}
		},
		"schema": []
	}
}