{
	"name": "DS_ASQL_DAPDB",
	"properties": {
		"linkedServiceName": {
			"referenceName": "AzureSql_DAPDB",
			"type": "LinkedServiceReference",
			"parameters": {
				"DatabaseName": {
					"value": "@dataset().DatabaseName",
					"type": "Expression"
				}
			}
		},
		"parameters": {
			"SchemaName": {
				"type": "string",
				"defaultValue": null
			},
			"TableName": {
				"type": "string",
				"defaultValue": null
			},
			"DatabaseName": {
				"type": "string",
				"defaultValue": null
			}
		},
		"annotations": [],
		"type": "AzureSqlTable",
		"schema": [],
		"typeProperties": {
			"schema": {
				"value": "@dataset().SchemaName",
				"type": "Expression"
			},
			"table": {
				"value": "@dataset().TableName",
				"type": "Expression"
			}
		}
	}
}