{
	"name": "DS_SQL_FMA_MSCRM",
	"properties": {
		"linkedServiceName": {
			"referenceName": "SQLServer_SQL09",
			"type": "LinkedServiceReference",
			"parameters": {
				"ServerName": "FMAWPDSQL09",
				"DatabaseName": "FMA_MSCRM",
				"SchemaName": "dbo"
			}
		},
		"parameters": {
			"sr_dbserver": {
				"type": "string"
			},
			"sr_dbname": {
				"type": "string"
			},
			"sr_schema": {
				"type": "string"
			},
			"sr_table": {
				"type": "string"
			}
		},
		"folder": {
			"name": "FMADS_Test"
		},
		"annotations": [],
		"type": "SqlServerTable",
		"schema": [],
		"typeProperties": {
			"schema": {
				"value": "@dataset().sr_schema",
				"type": "Expression"
			},
			"table": {
				"value": "@dataset().sr_table",
				"type": "Expression"
			}
		}
	},
	"type": "Microsoft.Synapse/workspaces/datasets"
}