{
	"name": "FMAMetadataDrivenCopyTask_iik_SourceDS",
	"properties": {
		"linkedServiceName": {
			"referenceName": "SQLServer_SQL09",
			"type": "LinkedServiceReference",
			"parameters": {
				"ServerName": "FMAWPDSQL09",
				"DatabaseName": "FMA_MSCRM",
				"SchemaName": "dbo"
			}
		},
		"parameters": {
			"cw_schema": {
				"type": "String"
			},
			"cw_table": {
				"type": "String"
			},
			"cw_ls_ServerName": {
				"type": "String"
			},
			"cw_ls_DatabaseName": {
				"type": "String"
			}
		},
		"folder": {
			"name": "FMAMetadataDrivenCopyTask_iik_20221108"
		},
		"annotations": [],
		"type": "SqlServerTable",
		"schema": [],
		"typeProperties": {
			"schema": {
				"value": "@dataset().cw_schema",
				"type": "Expression"
			},
			"table": {
				"value": "@dataset().cw_table",
				"type": "Expression"
			}
		}
	},
	"type": "Microsoft.Synapse/workspaces/datasets"
}