{
	"name": "FMAMetadataDrivenCopyTask_iik_DestinationDS",
	"properties": {
		"linkedServiceName": {
			"referenceName": "AzureSql_DAPDB",
			"type": "LinkedServiceReference",
			"parameters": {
				"DomainName": "aetestdapsql01.database.windows.net",
				"DatabaseName": "aetestdapsqldb01"
			}
		},
		"parameters": {
			"cw_schema": {
				"type": "String"
			},
			"cw_table": {
				"type": "String"
			},
			"cw_ls_DomainName": {
				"type": "String"
			},
			"cw_ls_DatabaseName": {
				"type": "String"
			}
		},
		"folder": {
			"name": "FMAMetadataDrivenCopyTask_iik_20221108"
		},
		"annotations": [],
		"type": "AzureSqlTable",
		"schema": [],
		"typeProperties": {
			"schema": {
				"value": "@dataset().cw_schema",
				"type": "Expression"
			},
			"table": {
				"value": "@dataset().cw_table",
				"type": "Expression"
			}
		}
	},
	"type": "Microsoft.Synapse/workspaces/datasets"
}