{
    "$schema": "https://schema.management.azure.com/schemas/2019-04-01/deploymentTemplate.json#",
    "contentVersion": "1.0.0.0",
    "metadata": {
      "_generator": {
        "name": "bicep",
        "version": "0.4.1124.51302",
        "templateHash": "11901795112433599647"
      }
    },
    "parameters": {
      "storageAccountName": {
        "type": "string",
        "metadata": {
          "description": "Specifies the name of the Azure Storage account."
        }
      },
      "location": {
        "type": "string",
        "defaultValue": "[resourceGroup().location]",
        "metadata": {
          "description": "Specifies the location in which the Azure Storage resources should be deployed."
        }
      },
      "IsHierarchyEnabled":{
        "type": "string",
        "defaultValue":"True"
        //"defaultValue":true
      },
      "StorageSKU": {
        "type": "string",
        "allowedValues": [
                "Premium_LRS",
                "Premium_ZRS",
                "Standard_GRS",
                "Standard_GZRS",
                "Standard_LRS",
                "Standard_RAGRS",
                "Standard_RAGZRS",
                "Standard_ZRS"
            ]

        }
    },
    "resources": [
      {
        "type": "Microsoft.Storage/storageAccounts",
        "apiVersion": "2021-06-01",
        "name": "[parameters('storageAccountName')]",
        "location": "[parameters('location')]",
        "sku": {
          "name": "[parameters('StorageSKU')]"
        },
        "kind": "StorageV2",
        "properties": {
          "accessTier": "Hot",
          "isHnsEnabled":"[parameters('IsHierarchyEnabled')]",
          "minimumTlsVersion": "TLS1_2"
        }
      },
     
      {
        "type": "Microsoft.Storage/storageAccounts/blobServices/containers",
        "apiVersion": "2021-06-01",
        "name": "[format('{0}/default/{1}', parameters('storageAccountName'), 'staging')]",
        "dependsOn": [
          "[resourceId('Microsoft.Storage/storageAccounts', parameters('storageAccountName'))]"
        ]
      },
      {
        "type": "Microsoft.Storage/storageAccounts/blobServices/containers",
        "apiVersion": "2021-06-01",
        "name": "[format('{0}/default/{1}', parameters('storageAccountName'), 'landing')]",
        "dependsOn": [
          "[resourceId('Microsoft.Storage/storageAccounts', parameters('storageAccountName'))]"
        ]
      },
      {
        "type": "Microsoft.Storage/storageAccounts/blobServices/containers",
        "apiVersion": "2021-06-01",
        "name": "[format('{0}/default/{1}', parameters('storageAccountName'), 'raw')]",
        "dependsOn": [
          "[resourceId('Microsoft.Storage/storageAccounts', parameters('storageAccountName'))]"
        ]
      },
      {
        "type": "Microsoft.Storage/storageAccounts/blobServices/containers",
        "apiVersion": "2021-06-01",
        "name": "[format('{0}/default/{1}', parameters('storageAccountName'), 'curated')]",
        "dependsOn": [
          "[resourceId('Microsoft.Storage/storageAccounts', parameters('storageAccountName'))]"
        ]
      },
      {
        "type": "Microsoft.Storage/storageAccounts/blobServices/containers",
        "apiVersion": "2021-06-01",
        "name": "[format('{0}/default/{1}', parameters('storageAccountName'), 'system')]",
        "dependsOn": [
          "[resourceId('Microsoft.Storage/storageAccounts', parameters('storageAccountName'))]"
        ]
      }      
    ]
  }