{
	"$schema": "http://schema.management.azure.com/schemas/2015-01-01/deploymentTemplate.json#",
	"contentVersion": "1.0.0.0",
	"parameters": {
		"workspaceName": {
			"type": "string",
			"metadata": "Workspace name",
			"defaultValue": "aedevsynapse01-ws"
		},
		"Azuresql_ETLDB": {
			"type": "string"
		},
		"aedevsynapse01-ws-WorkspaceDefaultStorage": {
			"type": "string"
		},
		"AzureSql_DAPDB": {
			"type": "string"
		},
		"SQLServer_SQL09": {
			"type": "string"
		}
	},
	"variables": {
		"workspaceId": "[concat('Microsoft.Synapse/workspaces/', parameters('workspaceName'))]"
	},
	"resources": [
		{
			"name": "[concat(parameters('workspaceName'), '/PL_Data_Move_ASQL_To_ASQL')]",
			"type": "Microsoft.Synapse/workspaces/pipelines",
			"apiVersion": "2019-06-01-preview",
			"properties": {
				"description": "Generic Job to import data from Azure SQL to ASQL",
				"activities": [
					{
						"name": "Get Required objects from Configuration",
						"type": "Lookup",
						"dependsOn": [],
						"policy": {
							"timeout": "0.12:00:00",
							"retry": 0,
							"retryIntervalInSeconds": 30,
							"secureOutput": false,
							"secureInput": false
						},
						"userProperties": [],
						"typeProperties": {
							"source": {
								"type": "AzureSqlSource",
								"sqlReaderStoredProcedureName": "[[ETL].[ADF_SourceQuery]",
								"storedProcedureParameters": {
									"ActionName": {
										"type": "String",
										"value": {
											"value": "@pipeline().parameters.ActionName",
											"type": "Expression"
										}
									},
									"DeltaLoad": {
										"type": "String",
										"value": {
											"value": "@pipeline().parameters.AllLoad",
											"type": "Expression"
										}
									},
									"SourceType": {
										"type": "String",
										"value": {
											"value": "@pipeline().parameters.SourceType",
											"type": "Expression"
										}
									},
									"TriggerName": {
										"type": "String",
										"value": {
											"value": "@pipeline().parameters.TriggerName",
											"type": "Expression"
										}
									}
								},
								"queryTimeout": "02:00:00",
								"partitionOption": "None"
							},
							"dataset": {
								"referenceName": "DS_ASQL_aedevdapsqldb01_etl",
								"type": "DatasetReference"
							},
							"firstRowOnly": false
						}
					},
					{
						"name": "Iterate tables to ingest into Azure from 09Server",
						"type": "ForEach",
						"dependsOn": [
							{
								"activity": "Get Required objects from Configuration",
								"dependencyConditions": [
									"Succeeded"
								]
							}
						],
						"userProperties": [],
						"typeProperties": {
							"items": {
								"value": "@activity('Get Required objects from Configuration').output.value",
								"type": "Expression"
							},
							"batchCount": 5,
							"activities": [
								{
									"name": "IsDataLoadType_Delta",
									"type": "IfCondition",
									"dependsOn": [],
									"userProperties": [],
									"typeProperties": {
										"expression": {
											"value": "@equals(item().DataLoadType,'DELTA')",
											"type": "Expression"
										},
										"ifFalseActivities": [
											{
												"name": "Full Data copy",
												"type": "Copy",
												"dependsOn": [
													{
														"activity": "FullLoad_LoggingStart",
														"dependencyConditions": [
															"Succeeded"
														]
													}
												],
												"policy": {
													"timeout": "0.12:00:00",
													"retry": 0,
													"retryIntervalInSeconds": 30,
													"secureOutput": false,
													"secureInput": false
												},
												"userProperties": [],
												"typeProperties": {
													"source": {
														"type": "AzureSqlSource",
														"queryTimeout": "02:00:00",
														"partitionOption": "None"
													},
													"sink": {
														"type": "AzureSqlSink",
														"preCopyScript": {
															"value": "@{item().executePreSQL}",
															"type": "Expression"
														},
														"writeBehavior": "insert",
														"sqlWriterUseTableLock": false,
														"tableOption": "autoCreate",
														"disableMetricsCollection": false
													},
													"enableStaging": false,
													"translator": {
														"type": "TabularTranslator",
														"typeConversion": true,
														"typeConversionSettings": {
															"allowDataTruncation": true,
															"treatBooleanAsNumber": false
														}
													}
												},
												"inputs": [
													{
														"referenceName": "DS_ASQL_aedevdapsqldb01",
														"type": "DatasetReference",
														"parameters": {
															"tg_Database": {
																"value": "@item().SourceDatabaseName",
																"type": "Expression"
															},
															"tg_Schema": {
																"value": "@item().SourceSchemaName",
																"type": "Expression"
															},
															"tg_Table": {
																"value": "@item().SourceTableName",
																"type": "Expression"
															}
														}
													}
												],
												"outputs": [
													{
														"referenceName": "DS_ASQL_aedevdapsqldb01",
														"type": "DatasetReference",
														"parameters": {
															"tg_Database": {
																"value": "@item().TargetDatabaseName",
																"type": "Expression"
															},
															"tg_Schema": {
																"value": "@item().TargetSchemaName",
																"type": "Expression"
															},
															"tg_Table": {
																"value": "@item().TargetTableName",
																"type": "Expression"
															}
														}
													}
												]
											},
											{
												"name": "FullLoad_LoggingStart",
												"type": "Lookup",
												"dependsOn": [],
												"policy": {
													"timeout": "0.12:00:00",
													"retry": 0,
													"retryIntervalInSeconds": 30,
													"secureOutput": false,
													"secureInput": false
												},
												"userProperties": [],
												"typeProperties": {
													"source": {
														"type": "AzureSqlSource",
														"sqlReaderStoredProcedureName": "[[ETL].[Sp_InsertLogData]",
														"storedProcedureParameters": {
															"componentName": {
																"type": "String",
																"value": {
																	"value": "Full Copy",
																	"type": "Expression"
																}
															},
															"LogStart": {
																"type": "DateTime",
																"value": {
																	"value": "@utcNow()",
																	"type": "Expression"
																}
															},
															"pipeLineName": {
																"type": "String",
																"value": {
																	"value": "@pipeline().Pipeline",
																	"type": "Expression"
																}
															},
															"processID": {
																"type": "Int32",
																"value": {
																	"value": "@item().ProcessID",
																	"type": "Expression"
																}
															}
														},
														"queryTimeout": "02:00:00",
														"partitionOption": "None"
													},
													"dataset": {
														"referenceName": "DS_ASQL_aedevdapsqldb01_etl",
														"type": "DatasetReference"
													},
													"firstRowOnly": false
												}
											},
											{
												"name": "FullLoad_SuccessfulLog",
												"type": "SqlServerStoredProcedure",
												"dependsOn": [
													{
														"activity": "Full Data copy",
														"dependencyConditions": [
															"Succeeded"
														]
													}
												],
												"policy": {
													"timeout": "0.12:00:00",
													"retry": 0,
													"retryIntervalInSeconds": 30,
													"secureOutput": false,
													"secureInput": false
												},
												"userProperties": [],
												"typeProperties": {
													"storedProcedureName": "[[ETL].[Sp_UpdateLogData]",
													"storedProcedureParameters": {
														"DataBehavior": {
															"value": "InsertPrimaryKey",
															"type": "String"
														},
														"ErrorMessage": {
															"value": null,
															"type": "String"
														},
														"EtlLogid": {
															"value": {
																"value": "@activity('FullLoad_LoggingStart').output.value[0].EtlLogid\n",
																"type": "Expression"
															},
															"type": "Int32"
														},
														"LogEndTime": {
															"value": {
																"value": "@utcNow()",
																"type": "Expression"
															},
															"type": "DateTime"
														},
														"RowsAffected": {
															"value": {
																"value": "@activity('Full Data copy').output.rowsCopied\n",
																"type": "Expression"
															},
															"type": "Int32"
														}
													}
												},
												"linkedServiceName": {
													"referenceName": "[parameters('Azuresql_ETLDB')]",
													"type": "LinkedServiceReference"
												}
											},
											{
												"name": "FullLoad_ErrorLog",
												"type": "SqlServerStoredProcedure",
												"dependsOn": [
													{
														"activity": "Full Data copy",
														"dependencyConditions": [
															"Failed"
														]
													}
												],
												"policy": {
													"timeout": "0.12:00:00",
													"retry": 0,
													"retryIntervalInSeconds": 30,
													"secureOutput": false,
													"secureInput": false
												},
												"userProperties": [],
												"typeProperties": {
													"storedProcedureName": "[[ETL].[Sp_UpdateLogData]",
													"storedProcedureParameters": {
														"DataBehavior": {
															"value": "InsertPrimaryKey",
															"type": "String"
														},
														"ErrorMessage": {
															"value": {
																"value": "@activity('Full Data copy').output.errors[0].Message\n",
																"type": "Expression"
															},
															"type": "String"
														},
														"EtlLogid": {
															"value": {
																"value": "@activity('FullLoad_LoggingStart').output.value[0].EtlLogid\n\n",
																"type": "Expression"
															},
															"type": "Int32"
														},
														"LogEndTime": {
															"value": {
																"value": "@utcNow()",
																"type": "Expression"
															},
															"type": "DateTime"
														},
														"RowsAffected": {
															"value": null,
															"type": "Int32"
														}
													}
												},
												"linkedServiceName": {
													"referenceName": "[parameters('Azuresql_ETLDB')]",
													"type": "LinkedServiceReference"
												}
											}
										],
										"ifTrueActivities": [
											{
												"name": "Delta Copy",
												"type": "Copy",
												"dependsOn": [
													{
														"activity": "LoggingStart",
														"dependencyConditions": [
															"Succeeded"
														]
													}
												],
												"policy": {
													"timeout": "0.12:00:00",
													"retry": 0,
													"retryIntervalInSeconds": 30,
													"secureOutput": false,
													"secureInput": false
												},
												"userProperties": [],
												"typeProperties": {
													"source": {
														"type": "SqlServerSource",
														"sqlReaderQuery": {
															"value": "EXEC ('@{item().executeSQlQuery}')\n ",
															"type": "Expression"
														},
														"queryTimeout": "02:00:00",
														"partitionOption": "None"
													},
													"sink": {
														"type": "AzureSqlSink",
														"preCopyScript": {
															"value": "@{item().executePreSQL}",
															"type": "Expression"
														},
														"writeBehavior": "insert",
														"sqlWriterUseTableLock": false,
														"tableOption": "autoCreate",
														"disableMetricsCollection": false
													},
													"enableStaging": true,
													"stagingSettings": {
														"linkedServiceName": {
															"referenceName": "[parameters('aedevsynapse01-ws-WorkspaceDefaultStorage')]",
															"type": "LinkedServiceReference"
														},
														"path": "clarestaging"
													},
													"translator": {
														"type": "TabularTranslator",
														"typeConversion": true,
														"typeConversionSettings": {
															"allowDataTruncation": true,
															"treatBooleanAsNumber": false
														}
													}
												},
												"inputs": [
													{
														"referenceName": "DS_SQL_FMA_MSCRM",
														"type": "DatasetReference",
														"parameters": {
															"sr_dbserver": {
																"value": "@item().SourceServerName",
																"type": "Expression"
															},
															"sr_dbname": {
																"value": "@item().SourceDatabaseName",
																"type": "Expression"
															},
															"sr_schema": {
																"value": "@item().SourceSchemaName",
																"type": "Expression"
															},
															"sr_table": {
																"value": "@item().SourceTableName",
																"type": "Expression"
															}
														}
													}
												],
												"outputs": [
													{
														"referenceName": "DS_ASQL_aedevdapsqldb01",
														"type": "DatasetReference",
														"parameters": {
															"tg_Database": {
																"value": "@item().TargetDatabaseName",
																"type": "Expression"
															},
															"tg_Schema": {
																"value": "@item().TargetSchemaName",
																"type": "Expression"
															},
															"tg_Table": {
																"value": "@item().TargetTableName",
																"type": "Expression"
															}
														}
													}
												]
											},
											{
												"name": "LoggingStart",
												"type": "Lookup",
												"dependsOn": [],
												"policy": {
													"timeout": "0.12:00:00",
													"retry": 0,
													"retryIntervalInSeconds": 30,
													"secureOutput": false,
													"secureInput": false
												},
												"userProperties": [],
												"typeProperties": {
													"source": {
														"type": "AzureSqlSource",
														"sqlReaderStoredProcedureName": "[[ETL].[Sp_InsertLogData]",
														"storedProcedureParameters": {
															"componentName": {
																"type": "String",
																"value": {
																	"value": "Delta Copy",
																	"type": "Expression"
																}
															},
															"LogStart": {
																"type": "DateTime",
																"value": {
																	"value": "@utcNow()",
																	"type": "Expression"
																}
															},
															"pipeLineName": {
																"type": "String",
																"value": {
																	"value": "@pipeline().Pipeline",
																	"type": "Expression"
																}
															},
															"processID": {
																"type": "Int32",
																"value": {
																	"value": "@item().ProcessID",
																	"type": "Expression"
																}
															}
														},
														"queryTimeout": "02:00:00",
														"partitionOption": "None"
													},
													"dataset": {
														"referenceName": "DS_ASQL_aedevdapsqldb01_etl",
														"type": "DatasetReference"
													},
													"firstRowOnly": false
												}
											},
											{
												"name": "SuccessfulLog",
												"type": "SqlServerStoredProcedure",
												"dependsOn": [
													{
														"activity": "Delta Copy",
														"dependencyConditions": [
															"Succeeded"
														]
													}
												],
												"policy": {
													"timeout": "0.12:00:00",
													"retry": 0,
													"retryIntervalInSeconds": 30,
													"secureOutput": false,
													"secureInput": false
												},
												"userProperties": [],
												"typeProperties": {
													"storedProcedureName": "[[ETL].[Sp_UpdateLogData]",
													"storedProcedureParameters": {
														"DataBehavior": {
															"value": "InsertData",
															"type": "String"
														},
														"ErrorMessage": {
															"value": null,
															"type": "String"
														},
														"EtlLogid": {
															"value": {
																"value": "@activity('LoggingStart').output.value[0].EtlLogid",
																"type": "Expression"
															},
															"type": "Int32"
														},
														"LogEndTime": {
															"value": {
																"value": "@utcNow()",
																"type": "Expression"
															},
															"type": "DateTime"
														},
														"RowsAffected": {
															"value": {
																"value": "@activity('Delta Copy').output.rowsCopied",
																"type": "Expression"
															},
															"type": "Int32"
														}
													}
												},
												"linkedServiceName": {
													"referenceName": "[parameters('Azuresql_ETLDB')]",
													"type": "LinkedServiceReference"
												}
											},
											{
												"name": "ErrorLog",
												"type": "SqlServerStoredProcedure",
												"dependsOn": [
													{
														"activity": "Delta Copy",
														"dependencyConditions": [
															"Failed"
														]
													}
												],
												"policy": {
													"timeout": "0.12:00:00",
													"retry": 0,
													"retryIntervalInSeconds": 30,
													"secureOutput": false,
													"secureInput": false
												},
												"userProperties": [],
												"typeProperties": {
													"storedProcedureName": "[[ETL].[Sp_UpdateLogData]",
													"storedProcedureParameters": {
														"DataBehavior": {
															"value": "InsertData",
															"type": "String"
														},
														"ErrorMessage": {
															"value": {
																"value": "@activity('Delta Copy').output.errors[0].Message",
																"type": "Expression"
															},
															"type": "String"
														},
														"EtlLogid": {
															"value": {
																"value": "@activity('LoggingStart').output.value[0].EtlLogid",
																"type": "Expression"
															},
															"type": "Int32"
														},
														"LogEndTime": {
															"value": {
																"value": "@utcNow()",
																"type": "Expression"
															},
															"type": "DateTime"
														},
														"RowsAffected": {
															"value": null,
															"type": "Int32"
														}
													}
												},
												"linkedServiceName": {
													"referenceName": "[parameters('Azuresql_ETLDB')]",
													"type": "LinkedServiceReference"
												}
											}
										]
									}
								}
							]
						}
					}
				],
				"parameters": {
					"TriggerName": {
						"type": "string",
						"defaultValue": "Audit ETL to DAP"
					},
					"ActionName": {
						"type": "string",
						"defaultValue": "Stage"
					},
					"SourceType": {
						"type": "string",
						"defaultValue": "SQL"
					},
					"NoDeltaLoad": {
						"type": "string",
						"defaultValue": "Full"
					},
					"DeltaLoad": {
						"type": "string",
						"defaultValue": "Delta"
					},
					"AllLoad": {
						"type": "string",
						"defaultValue": "All"
					}
				},
				"variables": {
					"TriggerName": {
						"type": "String"
					},
					"ActionName": {
						"type": "String"
					},
					"SourceType": {
						"type": "String"
					}
				},
				"folder": {
					"name": "IngestStage"
				},
				"annotations": [],
				"lastPublishTime": "2023-02-28T01:26:08Z"
			},
			"dependsOn": [
				"[concat(variables('workspaceId'), '/datasets/DS_ASQL_aedevdapsqldb01_etl')]",
				"[concat(variables('workspaceId'), '/datasets/DS_ASQL_aedevdapsqldb01')]",
				"[concat(variables('workspaceId'), '/datasets/DS_SQL_FMA_MSCRM')]"
			]
		},
		{
			"name": "[concat(parameters('workspaceName'), '/DS_ASQL_aedevdapsqldb01_etl')]",
			"type": "Microsoft.Synapse/workspaces/datasets",
			"apiVersion": "2019-06-01-preview",
			"properties": {
				"linkedServiceName": {
					"referenceName": "[parameters('Azuresql_ETLDB')]",
					"type": "LinkedServiceReference"
				},
				"folder": {
					"name": "FMADS_Test"
				},
				"annotations": [],
				"type": "AzureSqlTable",
				"schema": [],
				"typeProperties": {
					"schema": "ETL",
					"table": "Configuration"
				}
			},
			"dependsOn": []
		},
		{
			"name": "[concat(parameters('workspaceName'), '/default')]",
			"type": "Microsoft.Synapse/workspaces/managedVirtualNetworks",
			"apiVersion": "2019-06-01-preview",
			"dependsOn": []
		},
		{
			"name": "[concat(parameters('workspaceName'), '/DS_ASQL_aedevdapsqldb01')]",
			"type": "Microsoft.Synapse/workspaces/datasets",
			"apiVersion": "2019-06-01-preview",
			"properties": {
				"linkedServiceName": {
					"referenceName": "[parameters('AzureSql_DAPDB')]",
					"type": "LinkedServiceReference",
					"parameters": {
						"DatabaseName": {
							"value": "@dataset().tg_Database",
							"type": "Expression"
						}
					}
				},
				"parameters": {
					"tg_Database": {
						"type": "string"
					},
					"tg_Schema": {
						"type": "string"
					},
					"tg_Table": {
						"type": "string"
					}
				},
				"folder": {
					"name": "FMADS_Test"
				},
				"annotations": [],
				"type": "AzureSqlTable",
				"schema": [],
				"typeProperties": {
					"schema": {
						"value": "@dataset().tg_Schema",
						"type": "Expression"
					},
					"table": {
						"value": "@dataset().tg_Table",
						"type": "Expression"
					}
				}
			},
			"dependsOn": []
		},
		{
			"name": "[concat(parameters('workspaceName'), '/DS_SQL_FMA_MSCRM')]",
			"type": "Microsoft.Synapse/workspaces/datasets",
			"apiVersion": "2019-06-01-preview",
			"properties": {
				"linkedServiceName": {
					"referenceName": "[parameters('SQLServer_SQL09')]",
					"type": "LinkedServiceReference"
				},
				"parameters": {
					"sr_dbserver": {
						"type": "string"
					},
					"sr_dbname": {
						"type": "string"
					},
					"sr_schema": {
						"type": "string"
					},
					"sr_table": {
						"type": "string"
					}
				},
				"folder": {
					"name": "FMADS_Test"
				},
				"annotations": [],
				"type": "SqlServerTable",
				"schema": [],
				"typeProperties": {
					"schema": {
						"value": "@dataset().sr_schema",
						"type": "Expression"
					},
					"table": {
						"value": "@dataset().sr_table",
						"type": "Expression"
					}
				}
			},
			"dependsOn": []
		}
	]
}