{
    "$schema": "https://schema.management.azure.com/schemas/2015-01-01/deploymentParameters.json#",
    "contentVersion": "1.0.0.0",
    "parameters": {
        "workspaceName": {
            "value": "aeprodsynapse01-ws"
        },
        "AzureSql_DAPDB_connectionString": {
            "value": "Integrated Security=False;Encrypt=True;Connection Timeout=30;Data Source=aeproddapsql01.database.windows.net;Initial Catalog=@{linkedService().DatabaseName};User ID=FMA_DAP_db_owner"
        },
        "Azuresql_ETLDB_connectionString": {
            "value": "Integrated Security=False;Encrypt=True;Connection Timeout=30;Data Source=aeproddapsql01.database.windows.net;Initial Catalog=aeproddapsqldb01_etl;User ID=FMA_DAP_db_owner"
        },
        "SQLServer_SQL09_connectionString": {
            "value": "Integrated Security=True;Data Source=FMAWPDSQL09;Initial Catalog=FMA_MSCRM"
        },
        "aedevsynapse01-ws-WorkspaceDefaultSqlServer_connectionString": {
            "value": "Integrated Security=False;Encrypt=True;Connection Timeout=30;Data Source=tcp:aeprodsynapse01-ws.sql.azuresynapse.net,1433;Initial Catalog=@{linkedService().DBName}"
        },
        "AzureKeyVault_properties_typeProperties_baseUrl": {
            "value": "https://aeproddap01-kv-02.vault.azure.net/"
        },
        "AzureStorageAccount_properties_typeProperties_url": {
            "value": "https://aeproddaphzftcul8.dfs.core.windows.net"
        },
        "LS_HTTP_AnonymousDownload_properties_typeProperties_url": {
            "value": "@{linkedService().BaseURL}"
        },
        "SQLServer_SQL09_properties_typeProperties_userName": {
            "value": "SEC_COM\\SVC_DAP_SQLIngest"
        },
        "aedevsynapse01-ws-WorkspaceDefaultStorage_properties_typeProperties_url": {
            "value": "https://aeproddaphzftcul8.dfs.core.windows.net"
        },
        "TRG_KiwiSaverDefaultProvider_properties_PL_DATA_ADLS_To_ASQL_Files_Ingestion_parameters_TriggerName": {
            "value": "TRG_KiwiSaverDefaultProvider"
        },
        "TRG_KiwiSaverDefaultProvider_properties_PL_DATA_ADLS_To_ASQL_Files_Ingestion_parameters_NotebookConfiguration": {
            "value": {
                "server": "aeproddapsql01",
                "database": "aeproddapsqldb01",
                "user": "FMA_DAP_db_owner",
                "password_secret_name": "dapsql01-SQLAuth-Password",
                "key_vault_linked_service": "AzureKeyVault",
                "key_vault": "aeproddap01-kv-02",
                "storage_account": "aeproddaphzftcul8"
            }
        },
        "TRG_Load_Configration_properties_PL_DATA_ADLS_To_ASQL_CSV_Configuration_parameters_SourceFolder": {
            "value": "@triggerBody().folderPath"
        },
        "TRG_Load_Configration_properties_PL_DATA_ADLS_To_ASQL_CSV_Configuration_parameters_SourceFileName": {
            "value": "@triggerBody().fileName"
        },
        "TRG_Load_Configration_properties_PL_DATA_ADLS_To_ASQL_CSV_Configuration_parameters_DestinationSchemaName": {
            "value": "ETL"
        },
        "TRG_Load_Configration_properties_PL_DATA_ADLS_To_ASQL_CSV_Configuration_parameters_DestinationTableName": {
            "value": "Configuration"
        },
        "TRG_Load_Configration_properties_PL_DATA_ADLS_To_ASQL_CSV_Configuration_parameters_ArchiveFolder": {
            "value": "configurations/archive/ETL_Configuration"
        },
        "TRG_Load_Configration_properties_PL_DATA_ADLS_To_ASQL_CSV_Configuration_parameters_DropTable": {
            "value": false
        },
        "TRG_Load_Configration_properties_PL_DATA_ADLS_To_ASQL_CSV_Configuration_parameters_DestinationDatabaseName": {
            "value": "aeproddapsqldb01_etl"
        },
        "TRG_Load_Configration_properties_typeProperties_scope": {
            "value": "/subscriptions/17bcc9a0-8230-49d0-a56c-00a43d1059c0/resourceGroups/aeproddap01-rg/providers/Microsoft.Storage/storageAccounts/aeproddaphzftcul8"
        },
        "TRG_Load_ConfigrationFiles_properties_PL_DATA_ADLS_To_ASQL_CSV_Configuration_parameters_SourceFolder": {
            "value": "@triggerBody().folderPath"
        },
        "TRG_Load_ConfigrationFiles_properties_PL_DATA_ADLS_To_ASQL_CSV_Configuration_parameters_SourceFileName": {
            "value": "@triggerBody().fileName"
        },
        "TRG_Load_ConfigrationFiles_properties_PL_DATA_ADLS_To_ASQL_CSV_Configuration_parameters_DestinationSchemaName": {
            "value": "ETL"
        },
        "TRG_Load_ConfigrationFiles_properties_PL_DATA_ADLS_To_ASQL_CSV_Configuration_parameters_DestinationTableName": {
            "value": "Configuration_Files"
        },
        "TRG_Load_ConfigrationFiles_properties_PL_DATA_ADLS_To_ASQL_CSV_Configuration_parameters_ArchiveFolder": {
            "value": "configurations/archive/ETL_Configuration_Files"
        },
        "TRG_Load_ConfigrationFiles_properties_PL_DATA_ADLS_To_ASQL_CSV_Configuration_parameters_DropTable": {
            "value": false
        },
        "TRG_Load_ConfigrationFiles_properties_PL_DATA_ADLS_To_ASQL_CSV_Configuration_parameters_DestinationDatabaseName": {
            "value": "aeproddapsqldb01_etl"
        },
        "TRG_Load_ConfigrationFiles_properties_typeProperties_scope": {
            "value": "/subscriptions/17bcc9a0-8230-49d0-a56c-00a43d1059c0/resourceGroups/aeproddap01-rg/providers/Microsoft.Storage/storageAccounts/aeproddaphzftcul8"
        },
        "TRG_Load_DatabaseConfiguration_properties_PL_DATA_ADLS_To_ASQL_CSV_Configuration_parameters_SourceFolder": {
            "value": "@triggerBody().folderPath"
        },
        "TRG_Load_DatabaseConfiguration_properties_PL_DATA_ADLS_To_ASQL_CSV_Configuration_parameters_SourceFileName": {
            "value": "@triggerBody().fileName"
        },
        "TRG_Load_DatabaseConfiguration_properties_PL_DATA_ADLS_To_ASQL_CSV_Configuration_parameters_DestinationSchemaName": {
            "value": "ETL"
        },
        "TRG_Load_DatabaseConfiguration_properties_PL_DATA_ADLS_To_ASQL_CSV_Configuration_parameters_DestinationTableName": {
            "value": "DatabaseConfiguration"
        },
        "TRG_Load_DatabaseConfiguration_properties_PL_DATA_ADLS_To_ASQL_CSV_Configuration_parameters_ArchiveFolder": {
            "value": "configurations/archive/ETL_DatabaseConfiguration"
        },
        "TRG_Load_DatabaseConfiguration_properties_PL_DATA_ADLS_To_ASQL_CSV_Configuration_parameters_DropTable": {
            "value": false
        },
        "TRG_Load_DatabaseConfiguration_properties_PL_DATA_ADLS_To_ASQL_CSV_Configuration_parameters_DestinationDatabaseName": {
            "value": "aeproddapsqldb01_etl"
        },
        "TRG_Load_DatabaseConfiguration_properties_typeProperties_scope": {
            "value": "/subscriptions/17bcc9a0-8230-49d0-a56c-00a43d1059c0/resourceGroups/aeproddap01-rg/providers/Microsoft.Storage/storageAccounts/aeproddaphzftcul8"
        },
        "TRG_Load_RBNZ_Data_Weekly_properties_PL_DATA_HTTP_To_ASQL_RBNZ_parameters_TriggerName": {
            "value": "TRG_Load_RBNZ_Data_Daily"
        },
        "TRG_Load_RefAddress_properties_PL_DATA_ADLS_To_ASQL_CSV_Configuration_parameters_SourceFolder": {
            "value": "@triggerBody().folderPath"
        },
        "TRG_Load_RefAddress_properties_PL_DATA_ADLS_To_ASQL_CSV_Configuration_parameters_SourceFileName": {
            "value": "@triggerBody().fileName"
        },
        "TRG_Load_RefAddress_properties_PL_DATA_ADLS_To_ASQL_CSV_Configuration_parameters_DestinationSchemaName": {
            "value": "ref"
        },
        "TRG_Load_RefAddress_properties_PL_DATA_ADLS_To_ASQL_CSV_Configuration_parameters_DestinationTableName": {
            "value": "address"
        },
        "TRG_Load_RefAddress_properties_PL_DATA_ADLS_To_ASQL_CSV_Configuration_parameters_ArchiveFolder": {
            "value": "configurations/archive/ref_address"
        },
        "TRG_Load_RefAddress_properties_PL_DATA_ADLS_To_ASQL_CSV_Configuration_parameters_DropTable": {
            "value": false
        },
        "TRG_Load_RefAddress_properties_PL_DATA_ADLS_To_ASQL_CSV_Configuration_parameters_DestinationDatabaseName": {
            "value": "aeproddapsqldb01"
        },
        "TRG_Load_RefAddress_properties_typeProperties_scope": {
            "value": "/subscriptions/17bcc9a0-8230-49d0-a56c-00a43d1059c0/resourceGroups/aeproddap01-rg/providers/Microsoft.Storage/storageAccounts/aeproddaphzftcul8"
        },
        "TRG_Load_RefPostalcode_properties_PL_DATA_ADLS_To_ASQL_CSV_Configuration_parameters_SourceFolder": {
            "value": "@triggerBody().folderPath"
        },
        "TRG_Load_RefPostalcode_properties_PL_DATA_ADLS_To_ASQL_CSV_Configuration_parameters_SourceFileName": {
            "value": "@triggerBody().fileName"
        },
        "TRG_Load_RefPostalcode_properties_PL_DATA_ADLS_To_ASQL_CSV_Configuration_parameters_DestinationSchemaName": {
            "value": "ref"
        },
        "TRG_Load_RefPostalcode_properties_PL_DATA_ADLS_To_ASQL_CSV_Configuration_parameters_DestinationTableName": {
            "value": "postalcode"
        },
        "TRG_Load_RefPostalcode_properties_PL_DATA_ADLS_To_ASQL_CSV_Configuration_parameters_ArchiveFolder": {
            "value": "configurations/archive/ref_postalcode"
        },
        "TRG_Load_RefPostalcode_properties_PL_DATA_ADLS_To_ASQL_CSV_Configuration_parameters_DropTable": {
            "value": false
        },
        "TRG_Load_RefPostalcode_properties_PL_DATA_ADLS_To_ASQL_CSV_Configuration_parameters_DestinationDatabaseName": {
            "value": "aeproddapsqldb01"
        },
        "TRG_Load_RefPostalcode_properties_typeProperties_scope": {
            "value": "/subscriptions/17bcc9a0-8230-49d0-a56c-00a43d1059c0/resourceGroups/aeproddap01-rg/providers/Microsoft.Storage/storageAccounts/aeproddaphzftcul8"
        },
        "TRG_Load_FMA_Employee_Data_properties_PL_DATA_ADLS_To_ASQL_Files_Ingestion_parameters_TriggerName": {
            "value": "TRG_Load_FMA_Employee_Data"
        },
        "TRG_Load_FMA_Employee_Data_properties_typeProperties_scope": {
            "value": "/subscriptions/17bcc9a0-8230-49d0-a56c-00a43d1059c0/resourceGroups/aeproddap01-rg/providers/Microsoft.Storage/storageAccounts/aeproddaphzftcul8"
        }
    }
}